INFO:     Started server process [84462]
INFO:     Waiting for application startup.
INFO:     Application startup complete.
INFO:     Uvicorn running on http://0.0.0.0:8000 (Press CTRL+C to quit)
INFO:     127.0.0.1:65232 - "GET /health HTTP/1.1" 200 OK
2026-01-27 21:59:33,890 INFO sqlalchemy.engine.Engine select pg_catalog.version()
2026-01-27 21:59:33,890 INFO sqlalchemy.engine.Engine [raw sql] ()
2026-01-27 21:59:34,052 INFO sqlalchemy.engine.Engine select current_schema()
2026-01-27 21:59:34,052 INFO sqlalchemy.engine.Engine [raw sql] ()
2026-01-27 21:59:34,213 INFO sqlalchemy.engine.Engine show standard_conforming_strings
2026-01-27 21:59:34,214 INFO sqlalchemy.engine.Engine [raw sql] ()
2026-01-27 21:59:34,348 INFO sqlalchemy.engine.Engine BEGIN (implicit)
2026-01-27 21:59:34,371 INFO sqlalchemy.engine.Engine SELECT users.id, users.email, users.name, users.password_hash, users.auth_provider, users.auth_provider_id, users.avatar_url, users.is_active, users.last_login_at, users.created_at, users.updated_at, users.deleted_at 
FROM users 
WHERE users.email = $1::VARCHAR
2026-01-27 21:59:34,371 INFO sqlalchemy.engine.Engine [generated in 0.00015s] ('admin@internal.local',)
2026-01-27 21:59:34,542 INFO sqlalchemy.engine.Engine SELECT user_companies.id, user_companies.user_id, user_companies.company_id, user_companies.role, user_companies.is_default, user_companies.created_at, user_companies.updated_at 
FROM user_companies 
WHERE user_companies.user_id = $1::UUID AND user_companies.company_id = $2::UUID
2026-01-27 21:59:34,542 INFO sqlalchemy.engine.Engine [generated in 0.00049s] (UUID('64f538a2-4cfd-47a3-be23-9b9062a3565f'), UUID('96f87f05-c153-42d5-ad39-547cada8fa4b'))
2026-01-27 21:59:34,634 INFO sqlalchemy.engine.Engine SELECT companies.id, companies.name, companies.cage_code, companies.uei, companies.duns, companies.primary_naics, companies.size_standard, companies.address_line1, companies.address_line2, companies.city, companies.state, companies.zip_code, companies.country, companies.website, companies.linkedin_url, companies.employee_count, companies.founded_year, companies.description, companies.business_size, companies.certifications, companies.certification_details, companies.gsa_schedules, companies.contract_vehicles, companies.primary_naic_code, companies.service_areas, companies.facility_clearance, companies.geographic_coverage, companies.annual_revenue, companies.bonding_capacity, companies.teaming_partners, companies.typical_role, companies.settings, companies.created_at, companies.updated_at, companies.deleted_at 
FROM companies 
WHERE companies.id = $1::UUID
2026-01-27 21:59:34,635 INFO sqlalchemy.engine.Engine [generated in 0.00052s] (UUID('96f87f05-c153-42d5-ad39-547cada8fa4b'),)
2026-01-27 21:59:34,929 INFO sqlalchemy.engine.Engine SELECT company_profiles.id, company_profiles.name, company_profiles.naics_codes, company_profiles.certifications, company_profiles.clearances, company_profiles.set_asides, company_profiles.employee_count, company_profiles.annual_revenue, company_profiles.bonding_capacity, company_profiles.cage_code, company_profiles.duns_number, company_profiles.created_at, company_profiles.updated_at 
FROM company_profiles 
WHERE company_profiles.id = $1::UUID
2026-01-27 21:59:34,930 INFO sqlalchemy.engine.Engine [generated in 0.00026s] (UUID('96f87f05-c153-42d5-ad39-547cada8fa4b'),)
2026-01-27 21:59:35,009 INFO sqlalchemy.engine.Engine ROLLBACK
INFO:     127.0.0.1:65235 - "GET /api/company-profile?org_id=96f87f05-c153-42d5-ad39-547cada8fa4b HTTP/1.1" 500 Internal Server Error
ERROR:    Exception in ASGI application
Traceback (most recent call last):
  File "/Users/kurtkarslioglu/Library/Python/3.9/lib/python/site-packages/sqlalchemy/dialects/postgresql/asyncpg.py", line 522, in _prepare_and_execute
    prepared_stmt, attributes = await adapt_connection._prepare(
  File "/Users/kurtkarslioglu/Library/Python/3.9/lib/python/site-packages/sqlalchemy/dialects/postgresql/asyncpg.py", line 773, in _prepare
    prepared_stmt = await self._connection.prepare(
  File "/Users/kurtkarslioglu/Library/Python/3.9/lib/python/site-packages/asyncpg/connection.py", line 636, in prepare
    return await self._prepare(
  File "/Users/kurtkarslioglu/Library/Python/3.9/lib/python/site-packages/asyncpg/connection.py", line 654, in _prepare
    stmt = await self._get_statement(
  File "/Users/kurtkarslioglu/Library/Python/3.9/lib/python/site-packages/asyncpg/connection.py", line 433, in _get_statement
    statement = await self._protocol.prepare(
  File "asyncpg/protocol/protocol.pyx", line 166, in prepare
asyncpg.exceptions.UndefinedTableError: relation "company_profiles" does not exist

The above exception was the direct cause of the following exception:

Traceback (most recent call last):
  File "/Users/kurtkarslioglu/Library/Python/3.9/lib/python/site-packages/sqlalchemy/engine/base.py", line 1969, in _exec_single_context
    self.dialect.do_execute(
  File "/Users/kurtkarslioglu/Library/Python/3.9/lib/python/site-packages/sqlalchemy/engine/default.py", line 922, in do_execute
    cursor.execute(statement, parameters)
  File "/Users/kurtkarslioglu/Library/Python/3.9/lib/python/site-packages/sqlalchemy/dialects/postgresql/asyncpg.py", line 580, in execute
    self._adapt_connection.await_(
  File "/Users/kurtkarslioglu/Library/Python/3.9/lib/python/site-packages/sqlalchemy/util/_concurrency_py3k.py", line 130, in await_only
    return current.driver.switch(awaitable)  # type: ignore[no-any-return]
  File "/Users/kurtkarslioglu/Library/Python/3.9/lib/python/site-packages/sqlalchemy/util/_concurrency_py3k.py", line 195, in greenlet_spawn
    value = await result
  File "/Users/kurtkarslioglu/Library/Python/3.9/lib/python/site-packages/sqlalchemy/dialects/postgresql/asyncpg.py", line 558, in _prepare_and_execute
    self._handle_exception(error)
  File "/Users/kurtkarslioglu/Library/Python/3.9/lib/python/site-packages/sqlalchemy/dialects/postgresql/asyncpg.py", line 509, in _handle_exception
    self._adapt_connection._handle_exception(error)
  File "/Users/kurtkarslioglu/Library/Python/3.9/lib/python/site-packages/sqlalchemy/dialects/postgresql/asyncpg.py", line 797, in _handle_exception
    raise translated_error from error
sqlalchemy.dialects.postgresql.asyncpg.AsyncAdapt_asyncpg_dbapi.ProgrammingError: <class 'asyncpg.exceptions.UndefinedTableError'>: relation "company_profiles" does not exist

The above exception was the direct cause of the following exception:

Traceback (most recent call last):
  File "/Users/kurtkarslioglu/Library/Python/3.9/lib/python/site-packages/uvicorn/protocols/http/httptools_impl.py", line 419, in run_asgi
    result = await app(  # type: ignore[func-returns-value]
  File "/Users/kurtkarslioglu/Library/Python/3.9/lib/python/site-packages/uvicorn/middleware/proxy_headers.py", line 84, in __call__
    return await self.app(scope, receive, send)
  File "/Users/kurtkarslioglu/Library/Python/3.9/lib/python/site-packages/fastapi/applications.py", line 1054, in __call__
    await super().__call__(scope, receive, send)
  File "/Users/kurtkarslioglu/Library/Python/3.9/lib/python/site-packages/starlette/applications.py", line 123, in __call__
    await self.middleware_stack(scope, receive, send)
  File "/Users/kurtkarslioglu/Library/Python/3.9/lib/python/site-packages/starlette/middleware/errors.py", line 186, in __call__
    raise exc
  File "/Users/kurtkarslioglu/Library/Python/3.9/lib/python/site-packages/starlette/middleware/errors.py", line 164, in __call__
    await self.app(scope, receive, _send)
  File "/Users/kurtkarslioglu/Library/Python/3.9/lib/python/site-packages/starlette/middleware/cors.py", line 83, in __call__
    await self.app(scope, receive, send)
  File "/Users/kurtkarslioglu/Library/Python/3.9/lib/python/site-packages/starlette/middleware/exceptions.py", line 62, in __call__
    await wrap_app_handling_exceptions(self.app, conn)(scope, receive, send)
  File "/Users/kurtkarslioglu/Library/Python/3.9/lib/python/site-packages/starlette/_exception_handler.py", line 64, in wrapped_app
    raise exc
  File "/Users/kurtkarslioglu/Library/Python/3.9/lib/python/site-packages/starlette/_exception_handler.py", line 53, in wrapped_app
    await app(scope, receive, sender)
  File "/Users/kurtkarslioglu/Library/Python/3.9/lib/python/site-packages/starlette/routing.py", line 762, in __call__
    await self.middleware_stack(scope, receive, send)
  File "/Users/kurtkarslioglu/Library/Python/3.9/lib/python/site-packages/starlette/routing.py", line 782, in app
    await route.handle(scope, receive, send)
  File "/Users/kurtkarslioglu/Library/Python/3.9/lib/python/site-packages/starlette/routing.py", line 297, in handle
    await self.app(scope, receive, send)
  File "/Users/kurtkarslioglu/Library/Python/3.9/lib/python/site-packages/starlette/routing.py", line 77, in app
    await wrap_app_handling_exceptions(app, request)(scope, receive, send)
  File "/Users/kurtkarslioglu/Library/Python/3.9/lib/python/site-packages/starlette/_exception_handler.py", line 64, in wrapped_app
    raise exc
  File "/Users/kurtkarslioglu/Library/Python/3.9/lib/python/site-packages/starlette/_exception_handler.py", line 53, in wrapped_app
    await app(scope, receive, sender)
  File "/Users/kurtkarslioglu/Library/Python/3.9/lib/python/site-packages/starlette/routing.py", line 72, in app
    response = await func(request)
  File "/Users/kurtkarslioglu/Library/Python/3.9/lib/python/site-packages/fastapi/routing.py", line 299, in app
    raise e
  File "/Users/kurtkarslioglu/Library/Python/3.9/lib/python/site-packages/fastapi/routing.py", line 294, in app
    raw_response = await run_endpoint_function(
  File "/Users/kurtkarslioglu/Library/Python/3.9/lib/python/site-packages/fastapi/routing.py", line 191, in run_endpoint_function
    return await dependant.call(**values)
  File "/Users/kurtkarslioglu/Desktop/PP Gap Analysis/backend/app/api/routes/company_profile.py", line 168, in get_company_profile
    company, profile, documents = await _load_company_profile_context(db, org_id)
  File "/Users/kurtkarslioglu/Desktop/PP Gap Analysis/backend/app/api/routes/company_profile.py", line 117, in _load_company_profile_context
    profile_res = await db.execute(select(CompanyProfile).where(CompanyProfile.id == org_id))
  File "/Users/kurtkarslioglu/Library/Python/3.9/lib/python/site-packages/sqlalchemy/ext/asyncio/session.py", line 455, in execute
    result = await greenlet_spawn(
  File "/Users/kurtkarslioglu/Library/Python/3.9/lib/python/site-packages/sqlalchemy/util/_concurrency_py3k.py", line 200, in greenlet_spawn
    result = context.throw(*sys.exc_info())
  File "/Users/kurtkarslioglu/Library/Python/3.9/lib/python/site-packages/sqlalchemy/orm/session.py", line 2308, in execute
    return self._execute_internal(
  File "/Users/kurtkarslioglu/Library/Python/3.9/lib/python/site-packages/sqlalchemy/orm/session.py", line 2190, in _execute_internal
    result: Result[Any] = compile_state_cls.orm_execute_statement(
  File "/Users/kurtkarslioglu/Library/Python/3.9/lib/python/site-packages/sqlalchemy/orm/context.py", line 293, in orm_execute_statement
    result = conn.execute(
  File "/Users/kurtkarslioglu/Library/Python/3.9/lib/python/site-packages/sqlalchemy/engine/base.py", line 1416, in execute
    return meth(
  File "/Users/kurtkarslioglu/Library/Python/3.9/lib/python/site-packages/sqlalchemy/sql/elements.py", line 517, in _execute_on_connection
    return connection._execute_clauseelement(
  File "/Users/kurtkarslioglu/Library/Python/3.9/lib/python/site-packages/sqlalchemy/engine/base.py", line 1639, in _execute_clauseelement
    ret = self._execute_context(
  File "/Users/kurtkarslioglu/Library/Python/3.9/lib/python/site-packages/sqlalchemy/engine/base.py", line 1848, in _execute_context
    return self._exec_single_context(
  File "/Users/kurtkarslioglu/Library/Python/3.9/lib/python/site-packages/sqlalchemy/engine/base.py", line 1988, in _exec_single_context
    self._handle_dbapi_exception(
  File "/Users/kurtkarslioglu/Library/Python/3.9/lib/python/site-packages/sqlalchemy/engine/base.py", line 2344, in _handle_dbapi_exception
    raise sqlalchemy_exception.with_traceback(exc_info[2]) from e
  File "/Users/kurtkarslioglu/Library/Python/3.9/lib/python/site-packages/sqlalchemy/engine/base.py", line 1969, in _exec_single_context
    self.dialect.do_execute(
  File "/Users/kurtkarslioglu/Library/Python/3.9/lib/python/site-packages/sqlalchemy/engine/default.py", line 922, in do_execute
    cursor.execute(statement, parameters)
  File "/Users/kurtkarslioglu/Library/Python/3.9/lib/python/site-packages/sqlalchemy/dialects/postgresql/asyncpg.py", line 580, in execute
    self._adapt_connection.await_(
  File "/Users/kurtkarslioglu/Library/Python/3.9/lib/python/site-packages/sqlalchemy/util/_concurrency_py3k.py", line 130, in await_only
    return current.driver.switch(awaitable)  # type: ignore[no-any-return]
  File "/Users/kurtkarslioglu/Library/Python/3.9/lib/python/site-packages/sqlalchemy/util/_concurrency_py3k.py", line 195, in greenlet_spawn
    value = await result
  File "/Users/kurtkarslioglu/Library/Python/3.9/lib/python/site-packages/sqlalchemy/dialects/postgresql/asyncpg.py", line 558, in _prepare_and_execute
    self._handle_exception(error)
  File "/Users/kurtkarslioglu/Library/Python/3.9/lib/python/site-packages/sqlalchemy/dialects/postgresql/asyncpg.py", line 509, in _handle_exception
    self._adapt_connection._handle_exception(error)
  File "/Users/kurtkarslioglu/Library/Python/3.9/lib/python/site-packages/sqlalchemy/dialects/postgresql/asyncpg.py", line 797, in _handle_exception
    raise translated_error from error
sqlalchemy.exc.ProgrammingError: (sqlalchemy.dialects.postgresql.asyncpg.ProgrammingError) <class 'asyncpg.exceptions.UndefinedTableError'>: relation "company_profiles" does not exist
[SQL: SELECT company_profiles.id, company_profiles.name, company_profiles.naics_codes, company_profiles.certifications, company_profiles.clearances, company_profiles.set_asides, company_profiles.employee_count, company_profiles.annual_revenue, company_profiles.bonding_capacity, company_profiles.cage_code, company_profiles.duns_number, company_profiles.created_at, company_profiles.updated_at 
FROM company_profiles 
WHERE company_profiles.id = $1::UUID]
[parameters: (UUID('96f87f05-c153-42d5-ad39-547cada8fa4b'),)]
(Background on this error at: https://sqlalche.me/e/20/f405)
2026-01-27 21:59:47,777 INFO sqlalchemy.engine.Engine BEGIN (implicit)
2026-01-27 21:59:47,778 INFO sqlalchemy.engine.Engine SELECT users.id, users.email, users.name, users.password_hash, users.auth_provider, users.auth_provider_id, users.avatar_url, users.is_active, users.last_login_at, users.created_at, users.updated_at, users.deleted_at 
FROM users 
WHERE users.email = $1::VARCHAR
2026-01-27 21:59:47,778 INFO sqlalchemy.engine.Engine [cached since 13.41s ago] ('admin@internal.local',)
2026-01-27 21:59:47,860 INFO sqlalchemy.engine.Engine SELECT user_companies.id, user_companies.user_id, user_companies.company_id, user_companies.role, user_companies.is_default, user_companies.created_at, user_companies.updated_at 
FROM user_companies 
WHERE user_companies.user_id = $1::UUID AND user_companies.company_id = $2::UUID
2026-01-27 21:59:47,860 INFO sqlalchemy.engine.Engine [cached since 13.32s ago] (UUID('64f538a2-4cfd-47a3-be23-9b9062a3565f'), UUID('96f87f05-c153-42d5-ad39-547cada8fa4b'))
2026-01-27 21:59:47,903 INFO sqlalchemy.engine.Engine SELECT companies.id, companies.name, companies.cage_code, companies.uei, companies.duns, companies.primary_naics, companies.size_standard, companies.address_line1, companies.address_line2, companies.city, companies.state, companies.zip_code, companies.country, companies.website, companies.linkedin_url, companies.employee_count, companies.founded_year, companies.description, companies.business_size, companies.certifications, companies.certification_details, companies.gsa_schedules, companies.contract_vehicles, companies.primary_naic_code, companies.service_areas, companies.facility_clearance, companies.geographic_coverage, companies.annual_revenue, companies.bonding_capacity, companies.teaming_partners, companies.typical_role, companies.settings, companies.created_at, companies.updated_at, companies.deleted_at 
FROM companies 
WHERE companies.id = $1::UUID
2026-01-27 21:59:47,903 INFO sqlalchemy.engine.Engine [cached since 13.27s ago] (UUID('96f87f05-c153-42d5-ad39-547cada8fa4b'),)
2026-01-27 21:59:47,972 INFO sqlalchemy.engine.Engine SELECT company_profiles.id, company_profiles.name, company_profiles.naics_codes, company_profiles.certifications, company_profiles.clearances, company_profiles.set_asides, company_profiles.employee_count, company_profiles.annual_revenue, company_profiles.bonding_capacity, company_profiles.cage_code, company_profiles.duns_number, company_profiles.created_at, company_profiles.updated_at 
FROM company_profiles 
WHERE company_profiles.id = $1::UUID
2026-01-27 21:59:47,972 INFO sqlalchemy.engine.Engine [cached since 13.04s ago] (UUID('96f87f05-c153-42d5-ad39-547cada8fa4b'),)
2026-01-27 21:59:48,079 INFO sqlalchemy.engine.Engine ROLLBACK
INFO:     127.0.0.1:65237 - "GET /api/company-profile?org_id=96f87f05-c153-42d5-ad39-547cada8fa4b HTTP/1.1" 500 Internal Server Error
ERROR:    Exception in ASGI application
Traceback (most recent call last):
  File "/Users/kurtkarslioglu/Library/Python/3.9/lib/python/site-packages/sqlalchemy/dialects/postgresql/asyncpg.py", line 522, in _prepare_and_execute
    prepared_stmt, attributes = await adapt_connection._prepare(
  File "/Users/kurtkarslioglu/Library/Python/3.9/lib/python/site-packages/sqlalchemy/dialects/postgresql/asyncpg.py", line 773, in _prepare
    prepared_stmt = await self._connection.prepare(
  File "/Users/kurtkarslioglu/Library/Python/3.9/lib/python/site-packages/asyncpg/connection.py", line 636, in prepare
    return await self._prepare(
  File "/Users/kurtkarslioglu/Library/Python/3.9/lib/python/site-packages/asyncpg/connection.py", line 654, in _prepare
    stmt = await self._get_statement(
  File "/Users/kurtkarslioglu/Library/Python/3.9/lib/python/site-packages/asyncpg/connection.py", line 433, in _get_statement
    statement = await self._protocol.prepare(
  File "asyncpg/protocol/protocol.pyx", line 166, in prepare
asyncpg.exceptions.UndefinedTableError: relation "company_profiles" does not exist

The above exception was the direct cause of the following exception:

Traceback (most recent call last):
  File "/Users/kurtkarslioglu/Library/Python/3.9/lib/python/site-packages/sqlalchemy/engine/base.py", line 1969, in _exec_single_context
    self.dialect.do_execute(
  File "/Users/kurtkarslioglu/Library/Python/3.9/lib/python/site-packages/sqlalchemy/engine/default.py", line 922, in do_execute
    cursor.execute(statement, parameters)
  File "/Users/kurtkarslioglu/Library/Python/3.9/lib/python/site-packages/sqlalchemy/dialects/postgresql/asyncpg.py", line 580, in execute
    self._adapt_connection.await_(
  File "/Users/kurtkarslioglu/Library/Python/3.9/lib/python/site-packages/sqlalchemy/util/_concurrency_py3k.py", line 130, in await_only
    return current.driver.switch(awaitable)  # type: ignore[no-any-return]
  File "/Users/kurtkarslioglu/Library/Python/3.9/lib/python/site-packages/sqlalchemy/util/_concurrency_py3k.py", line 195, in greenlet_spawn
    value = await result
  File "/Users/kurtkarslioglu/Library/Python/3.9/lib/python/site-packages/sqlalchemy/dialects/postgresql/asyncpg.py", line 558, in _prepare_and_execute
    self._handle_exception(error)
  File "/Users/kurtkarslioglu/Library/Python/3.9/lib/python/site-packages/sqlalchemy/dialects/postgresql/asyncpg.py", line 509, in _handle_exception
    self._adapt_connection._handle_exception(error)
  File "/Users/kurtkarslioglu/Library/Python/3.9/lib/python/site-packages/sqlalchemy/dialects/postgresql/asyncpg.py", line 797, in _handle_exception
    raise translated_error from error
sqlalchemy.dialects.postgresql.asyncpg.AsyncAdapt_asyncpg_dbapi.ProgrammingError: <class 'asyncpg.exceptions.UndefinedTableError'>: relation "company_profiles" does not exist

The above exception was the direct cause of the following exception:

Traceback (most recent call last):
  File "/Users/kurtkarslioglu/Library/Python/3.9/lib/python/site-packages/uvicorn/protocols/http/httptools_impl.py", line 419, in run_asgi
    result = await app(  # type: ignore[func-returns-value]
  File "/Users/kurtkarslioglu/Library/Python/3.9/lib/python/site-packages/uvicorn/middleware/proxy_headers.py", line 84, in __call__
    return await self.app(scope, receive, send)
  File "/Users/kurtkarslioglu/Library/Python/3.9/lib/python/site-packages/fastapi/applications.py", line 1054, in __call__
    await super().__call__(scope, receive, send)
  File "/Users/kurtkarslioglu/Library/Python/3.9/lib/python/site-packages/starlette/applications.py", line 123, in __call__
    await self.middleware_stack(scope, receive, send)
  File "/Users/kurtkarslioglu/Library/Python/3.9/lib/python/site-packages/starlette/middleware/errors.py", line 186, in __call__
    raise exc
  File "/Users/kurtkarslioglu/Library/Python/3.9/lib/python/site-packages/starlette/middleware/errors.py", line 164, in __call__
    await self.app(scope, receive, _send)
  File "/Users/kurtkarslioglu/Library/Python/3.9/lib/python/site-packages/starlette/middleware/cors.py", line 83, in __call__
    await self.app(scope, receive, send)
  File "/Users/kurtkarslioglu/Library/Python/3.9/lib/python/site-packages/starlette/middleware/exceptions.py", line 62, in __call__
    await wrap_app_handling_exceptions(self.app, conn)(scope, receive, send)
  File "/Users/kurtkarslioglu/Library/Python/3.9/lib/python/site-packages/starlette/_exception_handler.py", line 64, in wrapped_app
    raise exc
  File "/Users/kurtkarslioglu/Library/Python/3.9/lib/python/site-packages/starlette/_exception_handler.py", line 53, in wrapped_app
    await app(scope, receive, sender)
  File "/Users/kurtkarslioglu/Library/Python/3.9/lib/python/site-packages/starlette/routing.py", line 762, in __call__
    await self.middleware_stack(scope, receive, send)
  File "/Users/kurtkarslioglu/Library/Python/3.9/lib/python/site-packages/starlette/routing.py", line 782, in app
    await route.handle(scope, receive, send)
  File "/Users/kurtkarslioglu/Library/Python/3.9/lib/python/site-packages/starlette/routing.py", line 297, in handle
    await self.app(scope, receive, send)
  File "/Users/kurtkarslioglu/Library/Python/3.9/lib/python/site-packages/starlette/routing.py", line 77, in app
    await wrap_app_handling_exceptions(app, request)(scope, receive, send)
  File "/Users/kurtkarslioglu/Library/Python/3.9/lib/python/site-packages/starlette/_exception_handler.py", line 64, in wrapped_app
    raise exc
  File "/Users/kurtkarslioglu/Library/Python/3.9/lib/python/site-packages/starlette/_exception_handler.py", line 53, in wrapped_app
    await app(scope, receive, sender)
  File "/Users/kurtkarslioglu/Library/Python/3.9/lib/python/site-packages/starlette/routing.py", line 72, in app
    response = await func(request)
  File "/Users/kurtkarslioglu/Library/Python/3.9/lib/python/site-packages/fastapi/routing.py", line 299, in app
    raise e
  File "/Users/kurtkarslioglu/Library/Python/3.9/lib/python/site-packages/fastapi/routing.py", line 294, in app
    raw_response = await run_endpoint_function(
  File "/Users/kurtkarslioglu/Library/Python/3.9/lib/python/site-packages/fastapi/routing.py", line 191, in run_endpoint_function
    return await dependant.call(**values)
  File "/Users/kurtkarslioglu/Desktop/PP Gap Analysis/backend/app/api/routes/company_profile.py", line 168, in get_company_profile
    company, profile, documents = await _load_company_profile_context(db, org_id)
  File "/Users/kurtkarslioglu/Desktop/PP Gap Analysis/backend/app/api/routes/company_profile.py", line 117, in _load_company_profile_context
    profile_res = await db.execute(select(CompanyProfile).where(CompanyProfile.id == org_id))
  File "/Users/kurtkarslioglu/Library/Python/3.9/lib/python/site-packages/sqlalchemy/ext/asyncio/session.py", line 455, in execute
    result = await greenlet_spawn(
  File "/Users/kurtkarslioglu/Library/Python/3.9/lib/python/site-packages/sqlalchemy/util/_concurrency_py3k.py", line 200, in greenlet_spawn
    result = context.throw(*sys.exc_info())
  File "/Users/kurtkarslioglu/Library/Python/3.9/lib/python/site-packages/sqlalchemy/orm/session.py", line 2308, in execute
    return self._execute_internal(
  File "/Users/kurtkarslioglu/Library/Python/3.9/lib/python/site-packages/sqlalchemy/orm/session.py", line 2190, in _execute_internal
    result: Result[Any] = compile_state_cls.orm_execute_statement(
  File "/Users/kurtkarslioglu/Library/Python/3.9/lib/python/site-packages/sqlalchemy/orm/context.py", line 293, in orm_execute_statement
    result = conn.execute(
  File "/Users/kurtkarslioglu/Library/Python/3.9/lib/python/site-packages/sqlalchemy/engine/base.py", line 1416, in execute
    return meth(
  File "/Users/kurtkarslioglu/Library/Python/3.9/lib/python/site-packages/sqlalchemy/sql/elements.py", line 517, in _execute_on_connection
    return connection._execute_clauseelement(
  File "/Users/kurtkarslioglu/Library/Python/3.9/lib/python/site-packages/sqlalchemy/engine/base.py", line 1639, in _execute_clauseelement
    ret = self._execute_context(
  File "/Users/kurtkarslioglu/Library/Python/3.9/lib/python/site-packages/sqlalchemy/engine/base.py", line 1848, in _execute_context
    return self._exec_single_context(
  File "/Users/kurtkarslioglu/Library/Python/3.9/lib/python/site-packages/sqlalchemy/engine/base.py", line 1988, in _exec_single_context
    self._handle_dbapi_exception(
  File "/Users/kurtkarslioglu/Library/Python/3.9/lib/python/site-packages/sqlalchemy/engine/base.py", line 2344, in _handle_dbapi_exception
    raise sqlalchemy_exception.with_traceback(exc_info[2]) from e
  File "/Users/kurtkarslioglu/Library/Python/3.9/lib/python/site-packages/sqlalchemy/engine/base.py", line 1969, in _exec_single_context
    self.dialect.do_execute(
  File "/Users/kurtkarslioglu/Library/Python/3.9/lib/python/site-packages/sqlalchemy/engine/default.py", line 922, in do_execute
    cursor.execute(statement, parameters)
  File "/Users/kurtkarslioglu/Library/Python/3.9/lib/python/site-packages/sqlalchemy/dialects/postgresql/asyncpg.py", line 580, in execute
    self._adapt_connection.await_(
  File "/Users/kurtkarslioglu/Library/Python/3.9/lib/python/site-packages/sqlalchemy/util/_concurrency_py3k.py", line 130, in await_only
    return current.driver.switch(awaitable)  # type: ignore[no-any-return]
  File "/Users/kurtkarslioglu/Library/Python/3.9/lib/python/site-packages/sqlalchemy/util/_concurrency_py3k.py", line 195, in greenlet_spawn
    value = await result
  File "/Users/kurtkarslioglu/Library/Python/3.9/lib/python/site-packages/sqlalchemy/dialects/postgresql/asyncpg.py", line 558, in _prepare_and_execute
    self._handle_exception(error)
  File "/Users/kurtkarslioglu/Library/Python/3.9/lib/python/site-packages/sqlalchemy/dialects/postgresql/asyncpg.py", line 509, in _handle_exception
    self._adapt_connection._handle_exception(error)
  File "/Users/kurtkarslioglu/Library/Python/3.9/lib/python/site-packages/sqlalchemy/dialects/postgresql/asyncpg.py", line 797, in _handle_exception
    raise translated_error from error
sqlalchemy.exc.ProgrammingError: (sqlalchemy.dialects.postgresql.asyncpg.ProgrammingError) <class 'asyncpg.exceptions.UndefinedTableError'>: relation "company_profiles" does not exist
[SQL: SELECT company_profiles.id, company_profiles.name, company_profiles.naics_codes, company_profiles.certifications, company_profiles.clearances, company_profiles.set_asides, company_profiles.employee_count, company_profiles.annual_revenue, company_profiles.bonding_capacity, company_profiles.cage_code, company_profiles.duns_number, company_profiles.created_at, company_profiles.updated_at 
FROM company_profiles 
WHERE company_profiles.id = $1::UUID]
[parameters: (UUID('96f87f05-c153-42d5-ad39-547cada8fa4b'),)]
(Background on this error at: https://sqlalche.me/e/20/f405)
2026-01-27 22:00:44,939 INFO sqlalchemy.engine.Engine BEGIN (implicit)
2026-01-27 22:00:44,940 INFO sqlalchemy.engine.Engine SELECT users.id, users.email, users.name, users.password_hash, users.auth_provider, users.auth_provider_id, users.avatar_url, users.is_active, users.last_login_at, users.created_at, users.updated_at, users.deleted_at 
FROM users 
WHERE users.email = $1::VARCHAR
2026-01-27 22:00:44,940 INFO sqlalchemy.engine.Engine [cached since 70.57s ago] ('admin@internal.local',)
2026-01-27 22:00:45,020 INFO sqlalchemy.engine.Engine SELECT user_companies.id, user_companies.user_id, user_companies.company_id, user_companies.role, user_companies.is_default, user_companies.created_at, user_companies.updated_at 
FROM user_companies 
WHERE user_companies.user_id = $1::UUID AND user_companies.company_id = $2::UUID
2026-01-27 22:00:45,020 INFO sqlalchemy.engine.Engine [cached since 70.48s ago] (UUID('64f538a2-4cfd-47a3-be23-9b9062a3565f'), UUID('96f87f05-c153-42d5-ad39-547cada8fa4b'))
2026-01-27 22:00:45,060 INFO sqlalchemy.engine.Engine SELECT companies.id, companies.name, companies.cage_code, companies.uei, companies.duns, companies.primary_naics, companies.size_standard, companies.address_line1, companies.address_line2, companies.city, companies.state, companies.zip_code, companies.country, companies.website, companies.linkedin_url, companies.employee_count, companies.founded_year, companies.description, companies.business_size, companies.certifications, companies.certification_details, companies.gsa_schedules, companies.contract_vehicles, companies.primary_naic_code, companies.service_areas, companies.facility_clearance, companies.geographic_coverage, companies.annual_revenue, companies.bonding_capacity, companies.teaming_partners, companies.typical_role, companies.settings, companies.created_at, companies.updated_at, companies.deleted_at 
FROM companies 
WHERE companies.id = $1::UUID
2026-01-27 22:00:45,060 INFO sqlalchemy.engine.Engine [cached since 70.43s ago] (UUID('96f87f05-c153-42d5-ad39-547cada8fa4b'),)
2026-01-27 22:00:45,100 INFO sqlalchemy.engine.Engine SELECT company_profiles.id, company_profiles.name, company_profiles.naics_codes, company_profiles.certifications, company_profiles.clearances, company_profiles.set_asides, company_profiles.employee_count, company_profiles.annual_revenue, company_profiles.bonding_capacity, company_profiles.cage_code, company_profiles.duns_number, company_profiles.created_at, company_profiles.updated_at 
FROM company_profiles 
WHERE company_profiles.id = $1::UUID
2026-01-27 22:00:45,100 INFO sqlalchemy.engine.Engine [cached since 70.17s ago] (UUID('96f87f05-c153-42d5-ad39-547cada8fa4b'),)
2026-01-27 22:00:45,181 INFO sqlalchemy.engine.Engine SELECT documents.id, documents.company_id, documents.document_type, documents.filename, documents.file_path, documents.file_size_bytes, documents.mime_type, documents.contract_number, documents.contract_title, documents.customer_agency, documents.customer_command, documents.customer_office, documents.contract_value, documents.contract_type, documents.period_of_performance_start, documents.period_of_performance_end, documents.naics_code, documents.psc_code, documents.clearance_level, documents.fte_count, documents.geographic_scope, documents.locations, documents.cpars_quality_rating, documents.cpars_schedule_rating, documents.cpars_cost_rating, documents.cpars_management_rating, documents.cpars_overall_rating, documents.raw_text, documents.parsed_content, documents.embedding, documents.processing_status, documents.processing_error, documents.processed_at, documents.tags, documents.notes, documents.created_by, documents.created_at, documents.updated_at, documents.deleted_at 
FROM documents 
WHERE documents.company_id = $1::UUID AND documents.deleted_at IS NULL
2026-01-27 22:00:45,181 INFO sqlalchemy.engine.Engine [generated in 0.00021s] (UUID('96f87f05-c153-42d5-ad39-547cada8fa4b'),)
2026-01-27 22:00:45,366 INFO sqlalchemy.engine.Engine ROLLBACK
INFO:     127.0.0.1:65242 - "GET /api/company-profile?org_id=96f87f05-c153-42d5-ad39-547cada8fa4b HTTP/1.1" 200 OK
2026-01-27 22:00:58,169 INFO sqlalchemy.engine.Engine BEGIN (implicit)
2026-01-27 22:00:58,169 INFO sqlalchemy.engine.Engine SELECT users.id, users.email, users.name, users.password_hash, users.auth_provider, users.auth_provider_id, users.avatar_url, users.is_active, users.last_login_at, users.created_at, users.updated_at, users.deleted_at 
FROM users 
WHERE users.email = $1::VARCHAR
2026-01-27 22:00:58,169 INFO sqlalchemy.engine.Engine [cached since 83.8s ago] ('admin@internal.local',)
2026-01-27 22:00:59,039 INFO sqlalchemy.engine.Engine SELECT user_companies.id, user_companies.user_id, user_companies.company_id, user_companies.role, user_companies.is_default, user_companies.created_at, user_companies.updated_at 
FROM user_companies 
WHERE user_companies.user_id = $1::UUID AND user_companies.company_id = $2::UUID
2026-01-27 22:00:59,039 INFO sqlalchemy.engine.Engine [cached since 84.5s ago] (UUID('64f538a2-4cfd-47a3-be23-9b9062a3565f'), UUID('96f87f05-c153-42d5-ad39-547cada8fa4b'))
2026-01-27 22:00:59,078 INFO sqlalchemy.engine.Engine SELECT companies.id, companies.name, companies.cage_code, companies.uei, companies.duns, companies.primary_naics, companies.size_standard, companies.address_line1, companies.address_line2, companies.city, companies.state, companies.zip_code, companies.country, companies.website, companies.linkedin_url, companies.employee_count, companies.founded_year, companies.description, companies.business_size, companies.certifications, companies.certification_details, companies.gsa_schedules, companies.contract_vehicles, companies.primary_naic_code, companies.service_areas, companies.facility_clearance, companies.geographic_coverage, companies.annual_revenue, companies.bonding_capacity, companies.teaming_partners, companies.typical_role, companies.settings, companies.created_at, companies.updated_at, companies.deleted_at 
FROM companies 
WHERE companies.id = $1::UUID
2026-01-27 22:00:59,078 INFO sqlalchemy.engine.Engine [cached since 84.44s ago] (UUID('96f87f05-c153-42d5-ad39-547cada8fa4b'),)
2026-01-27 22:00:59,117 INFO sqlalchemy.engine.Engine SELECT company_profiles.id, company_profiles.name, company_profiles.naics_codes, company_profiles.certifications, company_profiles.clearances, company_profiles.set_asides, company_profiles.employee_count, company_profiles.annual_revenue, company_profiles.bonding_capacity, company_profiles.cage_code, company_profiles.duns_number, company_profiles.created_at, company_profiles.updated_at 
FROM company_profiles 
WHERE company_profiles.id = $1::UUID
2026-01-27 22:00:59,117 INFO sqlalchemy.engine.Engine [cached since 84.19s ago] (UUID('96f87f05-c153-42d5-ad39-547cada8fa4b'),)
2026-01-27 22:00:59,158 INFO sqlalchemy.engine.Engine SELECT documents.id, documents.company_id, documents.document_type, documents.filename, documents.file_path, documents.file_size_bytes, documents.mime_type, documents.contract_number, documents.contract_title, documents.customer_agency, documents.customer_command, documents.customer_office, documents.contract_value, documents.contract_type, documents.period_of_performance_start, documents.period_of_performance_end, documents.naics_code, documents.psc_code, documents.clearance_level, documents.fte_count, documents.geographic_scope, documents.locations, documents.cpars_quality_rating, documents.cpars_schedule_rating, documents.cpars_cost_rating, documents.cpars_management_rating, documents.cpars_overall_rating, documents.raw_text, documents.parsed_content, documents.embedding, documents.processing_status, documents.processing_error, documents.processed_at, documents.tags, documents.notes, documents.created_by, documents.created_at, documents.updated_at, documents.deleted_at 
FROM documents 
WHERE documents.company_id = $1::UUID AND documents.deleted_at IS NULL
2026-01-27 22:00:59,159 INFO sqlalchemy.engine.Engine [cached since 13.98s ago] (UUID('96f87f05-c153-42d5-ad39-547cada8fa4b'),)
2026-01-27 22:00:59,201 INFO sqlalchemy.engine.Engine UPDATE companies SET cage_code=$1::VARCHAR, uei=$2::VARCHAR, duns=$3::VARCHAR, primary_naics=$4::VARCHAR[], certifications=$5::JSONB, primary_naic_code=$6::VARCHAR, facility_clearance=$7::VARCHAR, updated_at=$8::TIMESTAMP WITHOUT TIME ZONE WHERE companies.id = $9::UUID
2026-01-27 22:00:59,201 INFO sqlalchemy.engine.Engine [generated in 0.00019s] ('1ABC2', 'XYZ123', '123456789', ['541512', '541519', '541611'], '["ISO 27001", "ISO 9001"]', '541512', 'Secret', datetime.datetime(2026, 1, 28, 3, 0, 59, 201071), UUID('96f87f05-c153-42d5-ad39-547cada8fa4b'))
2026-01-27 22:00:59,284 INFO sqlalchemy.engine.Engine INSERT INTO company_profiles (id, name, naics_codes, certifications, clearances, set_asides, employee_count, annual_revenue, bonding_capacity, cage_code, duns_number, created_at, updated_at) VALUES ($1::UUID, $2::VARCHAR, $3::VARCHAR[], $4::VARCHAR[], $5::VARCHAR[], $6::JSONB, $7::INTEGER, $8::NUMERIC(15, 2), $9::NUMERIC(15, 2), $10::VARCHAR, $11::VARCHAR, $12::TIMESTAMP WITHOUT TIME ZONE, $13::TIMESTAMP WITHOUT TIME ZONE)
2026-01-27 22:00:59,284 INFO sqlalchemy.engine.Engine [generated in 0.00020s] (UUID('96f87f05-c153-42d5-ad39-547cada8fa4b'), 'Liberty Alliance', None, ['ISO 27001', 'ISO 9001'], ['Secret'], '{"SDVOSB": true, "Small Business": true}', 12, None, None, None, None, datetime.datetime(2026, 1, 28, 3, 0, 59, 284421), datetime.datetime(2026, 1, 28, 3, 0, 59, 284424))
2026-01-27 22:00:59,363 INFO sqlalchemy.engine.Engine COMMIT
2026-01-27 22:00:59,402 INFO sqlalchemy.engine.Engine BEGIN (implicit)
2026-01-27 22:00:59,405 INFO sqlalchemy.engine.Engine SELECT companies.id, companies.name, companies.cage_code, companies.uei, companies.duns, companies.primary_naics, companies.size_standard, companies.address_line1, companies.address_line2, companies.city, companies.state, companies.zip_code, companies.country, companies.website, companies.linkedin_url, companies.employee_count, companies.founded_year, companies.description, companies.business_size, companies.certifications, companies.certification_details, companies.gsa_schedules, companies.contract_vehicles, companies.primary_naic_code, companies.service_areas, companies.facility_clearance, companies.geographic_coverage, companies.annual_revenue, companies.bonding_capacity, companies.teaming_partners, companies.typical_role, companies.settings, companies.created_at, companies.updated_at, companies.deleted_at 
FROM companies 
WHERE companies.id = $1::UUID
2026-01-27 22:00:59,405 INFO sqlalchemy.engine.Engine [generated in 0.00084s] (UUID('96f87f05-c153-42d5-ad39-547cada8fa4b'),)
2026-01-27 22:00:59,491 INFO sqlalchemy.engine.Engine SELECT company_profiles.id, company_profiles.name, company_profiles.naics_codes, company_profiles.certifications, company_profiles.clearances, company_profiles.set_asides, company_profiles.employee_count, company_profiles.annual_revenue, company_profiles.bonding_capacity, company_profiles.cage_code, company_profiles.duns_number, company_profiles.created_at, company_profiles.updated_at 
FROM company_profiles 
WHERE company_profiles.id = $1::UUID
2026-01-27 22:00:59,491 INFO sqlalchemy.engine.Engine [generated in 0.00014s] (UUID('96f87f05-c153-42d5-ad39-547cada8fa4b'),)
2026-01-27 22:00:59,530 INFO sqlalchemy.engine.Engine SELECT companies.id, companies.name, companies.cage_code, companies.uei, companies.duns, companies.primary_naics, companies.size_standard, companies.address_line1, companies.address_line2, companies.city, companies.state, companies.zip_code, companies.country, companies.website, companies.linkedin_url, companies.employee_count, companies.founded_year, companies.description, companies.business_size, companies.certifications, companies.certification_details, companies.gsa_schedules, companies.contract_vehicles, companies.primary_naic_code, companies.service_areas, companies.facility_clearance, companies.geographic_coverage, companies.annual_revenue, companies.bonding_capacity, companies.teaming_partners, companies.typical_role, companies.settings, companies.created_at, companies.updated_at, companies.deleted_at 
FROM companies 
WHERE companies.id = $1::UUID
2026-01-27 22:00:59,531 INFO sqlalchemy.engine.Engine [cached since 84.9s ago] (UUID('96f87f05-c153-42d5-ad39-547cada8fa4b'),)
2026-01-27 22:00:59,570 INFO sqlalchemy.engine.Engine SELECT company_profiles.id, company_profiles.name, company_profiles.naics_codes, company_profiles.certifications, company_profiles.clearances, company_profiles.set_asides, company_profiles.employee_count, company_profiles.annual_revenue, company_profiles.bonding_capacity, company_profiles.cage_code, company_profiles.duns_number, company_profiles.created_at, company_profiles.updated_at 
FROM company_profiles 
WHERE company_profiles.id = $1::UUID
2026-01-27 22:00:59,570 INFO sqlalchemy.engine.Engine [cached since 84.64s ago] (UUID('96f87f05-c153-42d5-ad39-547cada8fa4b'),)
2026-01-27 22:00:59,609 INFO sqlalchemy.engine.Engine SELECT documents.id, documents.company_id, documents.document_type, documents.filename, documents.file_path, documents.file_size_bytes, documents.mime_type, documents.contract_number, documents.contract_title, documents.customer_agency, documents.customer_command, documents.customer_office, documents.contract_value, documents.contract_type, documents.period_of_performance_start, documents.period_of_performance_end, documents.naics_code, documents.psc_code, documents.clearance_level, documents.fte_count, documents.geographic_scope, documents.locations, documents.cpars_quality_rating, documents.cpars_schedule_rating, documents.cpars_cost_rating, documents.cpars_management_rating, documents.cpars_overall_rating, documents.raw_text, documents.parsed_content, documents.embedding, documents.processing_status, documents.processing_error, documents.processed_at, documents.tags, documents.notes, documents.created_by, documents.created_at, documents.updated_at, documents.deleted_at 
FROM documents 
WHERE documents.company_id = $1::UUID AND documents.deleted_at IS NULL
2026-01-27 22:00:59,609 INFO sqlalchemy.engine.Engine [cached since 14.43s ago] (UUID('96f87f05-c153-42d5-ad39-547cada8fa4b'),)
2026-01-27 22:00:59,652 INFO sqlalchemy.engine.Engine ROLLBACK
INFO:     127.0.0.1:65243 - "PUT /api/company-profile?org_id=96f87f05-c153-42d5-ad39-547cada8fa4b HTTP/1.1" 200 OK
2026-01-27 22:04:15,066 INFO sqlalchemy.engine.Engine BEGIN (implicit)
2026-01-27 22:04:15,067 INFO sqlalchemy.engine.Engine SELECT users.id, users.email, users.name, users.password_hash, users.auth_provider, users.auth_provider_id, users.avatar_url, users.is_active, users.last_login_at, users.created_at, users.updated_at, users.deleted_at 
FROM users 
WHERE users.email = $1::VARCHAR
2026-01-27 22:04:15,067 INFO sqlalchemy.engine.Engine [cached since 280.7s ago] ('admin@internal.local',)
2026-01-27 22:04:15,148 INFO sqlalchemy.engine.Engine ROLLBACK
INFO:     127.0.0.1:49350 - "GET /api/dashboard/summary?org_id=XXX HTTP/1.1" 422 Unprocessable Entity
INFO:     127.0.0.1:49352 - "GET /api/opportunities?org_id=XXX HTTP/1.1" 307 Temporary Redirect
2026-01-27 22:04:15,212 INFO sqlalchemy.engine.Engine BEGIN (implicit)
2026-01-27 22:04:15,212 INFO sqlalchemy.engine.Engine SELECT users.id, users.email, users.name, users.password_hash, users.auth_provider, users.auth_provider_id, users.avatar_url, users.is_active, users.last_login_at, users.created_at, users.updated_at, users.deleted_at 
FROM users 
WHERE users.email = $1::VARCHAR
2026-01-27 22:04:15,212 INFO sqlalchemy.engine.Engine [cached since 280.8s ago] ('admin@internal.local',)
2026-01-27 22:04:15,293 INFO sqlalchemy.engine.Engine ROLLBACK
INFO:     127.0.0.1:49354 - "GET /api/company-profile?org_id=XXX HTTP/1.1" 422 Unprocessable Entity
INFO:     127.0.0.1:49356 - "GET /api/past-performance?org_id=XXX HTTP/1.1" 404 Not Found
2026-01-27 22:04:15,359 INFO sqlalchemy.engine.Engine BEGIN (implicit)
2026-01-27 22:04:15,359 INFO sqlalchemy.engine.Engine SELECT users.id, users.email, users.name, users.password_hash, users.auth_provider, users.auth_provider_id, users.avatar_url, users.is_active, users.last_login_at, users.created_at, users.updated_at, users.deleted_at 
FROM users 
WHERE users.email = $1::VARCHAR
2026-01-27 22:04:15,359 INFO sqlalchemy.engine.Engine [cached since 281s ago] ('admin@internal.local',)
2026-01-27 22:04:15,490 INFO sqlalchemy.engine.Engine ROLLBACK
INFO:     127.0.0.1:49358 - "POST /api/roxy/tools/compliance-check HTTP/1.1" 422 Unprocessable Entity
2026-01-27 22:04:15,539 INFO sqlalchemy.engine.Engine BEGIN (implicit)
2026-01-27 22:04:15,539 INFO sqlalchemy.engine.Engine SELECT users.id, users.email, users.name, users.password_hash, users.auth_provider, users.auth_provider_id, users.avatar_url, users.is_active, users.last_login_at, users.created_at, users.updated_at, users.deleted_at 
FROM users 
WHERE users.email = $1::VARCHAR
2026-01-27 22:04:15,539 INFO sqlalchemy.engine.Engine [cached since 281.2s ago] ('admin@internal.local',)
2026-01-27 22:04:15,627 INFO sqlalchemy.engine.Engine ROLLBACK
INFO:     127.0.0.1:49360 - "POST /api/roxy/chat HTTP/1.1" 422 Unprocessable Entity
2026-01-27 22:05:05,140 INFO sqlalchemy.engine.Engine BEGIN (implicit)
2026-01-27 22:05:05,140 INFO sqlalchemy.engine.Engine SELECT users.id, users.email, users.name, users.password_hash, users.auth_provider, users.auth_provider_id, users.avatar_url, users.is_active, users.last_login_at, users.created_at, users.updated_at, users.deleted_at 
FROM users 
WHERE users.email = $1::VARCHAR
2026-01-27 22:05:05,140 INFO sqlalchemy.engine.Engine [cached since 330.8s ago] ('admin@internal.local',)
2026-01-27 22:05:05,225 INFO sqlalchemy.engine.Engine SELECT user_companies.id, user_companies.user_id, user_companies.company_id, user_companies.role, user_companies.is_default, user_companies.created_at, user_companies.updated_at 
FROM user_companies 
WHERE user_companies.user_id = $1::UUID AND user_companies.company_id = $2::UUID
2026-01-27 22:05:05,225 INFO sqlalchemy.engine.Engine [cached since 330.7s ago] (UUID('64f538a2-4cfd-47a3-be23-9b9062a3565f'), UUID('96f87f05-c153-42d5-ad39-547cada8fa4b'))
2026-01-27 22:05:05,273 INFO sqlalchemy.engine.Engine SELECT count(*) AS count_1 
FROM opportunities 
WHERE opportunities.company_id = $1::UUID AND opportunities.is_hidden = false
2026-01-27 22:05:05,273 INFO sqlalchemy.engine.Engine [generated in 0.00012s] (UUID('96f87f05-c153-42d5-ad39-547cada8fa4b'),)
2026-01-27 22:05:05,494 INFO sqlalchemy.engine.Engine SELECT count(*) AS count_1 
FROM analyses 
WHERE analyses.company_id = $1::UUID AND analyses.created_at >= $2::TIMESTAMP WITHOUT TIME ZONE
2026-01-27 22:05:05,495 INFO sqlalchemy.engine.Engine [generated in 0.00043s] (UUID('96f87f05-c153-42d5-ad39-547cada8fa4b'), datetime.datetime(2026, 1, 1, 0, 0))
2026-01-27 22:05:05,601 INFO sqlalchemy.engine.Engine SELECT avg(CAST(analyses.overall_relevance_score AS FLOAT)) AS avg_1 
FROM analyses 
WHERE analyses.company_id = $1::UUID AND (analyses.overall_relevance_score ~ $2::VARCHAR)
2026-01-27 22:05:05,602 INFO sqlalchemy.engine.Engine [generated in 0.00030s] (UUID('96f87f05-c153-42d5-ad39-547cada8fa4b'), '^[0-9]+(\\.[0-9]+)?$')
2026-01-27 22:05:05,710 INFO sqlalchemy.engine.Engine SELECT count(*) AS count_1 
FROM analyses 
WHERE analyses.company_id = $1::UUID AND analyses.go_no_go_recommendation = $2::VARCHAR
2026-01-27 22:05:05,710 INFO sqlalchemy.engine.Engine [generated in 0.00049s] (UUID('96f87f05-c153-42d5-ad39-547cada8fa4b'), 'GO')
2026-01-27 22:05:05,795 INFO sqlalchemy.engine.Engine SELECT count(*) AS count_1 
FROM analyses 
WHERE analyses.company_id = $1::UUID AND analyses.go_no_go_recommendation = $2::VARCHAR
2026-01-27 22:05:05,795 INFO sqlalchemy.engine.Engine [cached since 0.08559s ago] (UUID('96f87f05-c153-42d5-ad39-547cada8fa4b'), 'NO-GO')
2026-01-27 22:05:05,837 INFO sqlalchemy.engine.Engine SELECT count(*) AS count_1 
FROM analyses 
WHERE analyses.company_id = $1::UUID AND analyses.go_no_go_recommendation = $2::VARCHAR
2026-01-27 22:05:05,837 INFO sqlalchemy.engine.Engine [cached since 0.1275s ago] (UUID('96f87f05-c153-42d5-ad39-547cada8fa4b'), 'CONDITIONAL')
2026-01-27 22:05:05,880 INFO sqlalchemy.engine.Engine SELECT opportunities.id, opportunities.title, opportunities.agency, opportunities.solicitation_number, opportunities.updated_at 
FROM opportunities 
WHERE opportunities.company_id = $1::UUID AND opportunities.deleted_at IS NULL ORDER BY opportunities.updated_at DESC 
 LIMIT $2::INTEGER
2026-01-27 22:05:05,880 INFO sqlalchemy.engine.Engine [generated in 0.00015s] (UUID('96f87f05-c153-42d5-ad39-547cada8fa4b'), 5)
2026-01-27 22:05:05,977 INFO sqlalchemy.engine.Engine ROLLBACK
INFO:     127.0.0.1:49364 - "GET /api/dashboard/summary?org_id=96f87f05-c153-42d5-ad39-547cada8fa4b HTTP/1.1" 200 OK
2026-01-27 22:05:06,046 INFO sqlalchemy.engine.Engine BEGIN (implicit)
2026-01-27 22:05:06,046 INFO sqlalchemy.engine.Engine SELECT users.id, users.email, users.name, users.password_hash, users.auth_provider, users.auth_provider_id, users.avatar_url, users.is_active, users.last_login_at, users.created_at, users.updated_at, users.deleted_at 
FROM users 
WHERE users.email = $1::VARCHAR
2026-01-27 22:05:06,046 INFO sqlalchemy.engine.Engine [cached since 331.7s ago] ('admin@internal.local',)
2026-01-27 22:05:06,127 INFO sqlalchemy.engine.Engine SELECT user_companies.id, user_companies.user_id, user_companies.company_id, user_companies.role, user_companies.is_default, user_companies.created_at, user_companies.updated_at 
FROM user_companies 
WHERE user_companies.user_id = $1::UUID AND user_companies.company_id = $2::UUID
2026-01-27 22:05:06,127 INFO sqlalchemy.engine.Engine [cached since 331.6s ago] (UUID('64f538a2-4cfd-47a3-be23-9b9062a3565f'), UUID('1dd65b3e-45b0-4750-a89b-ed96548a52e3'))
2026-01-27 22:05:06,172 INFO sqlalchemy.engine.Engine SELECT count(*) AS count_1 
FROM opportunities 
WHERE opportunities.company_id = $1::UUID AND opportunities.is_hidden = false
2026-01-27 22:05:06,172 INFO sqlalchemy.engine.Engine [cached since 0.8997s ago] (UUID('1dd65b3e-45b0-4750-a89b-ed96548a52e3'),)
2026-01-27 22:05:06,216 INFO sqlalchemy.engine.Engine SELECT count(*) AS count_1 
FROM analyses 
WHERE analyses.company_id = $1::UUID AND analyses.created_at >= $2::TIMESTAMP WITHOUT TIME ZONE
2026-01-27 22:05:06,217 INFO sqlalchemy.engine.Engine [cached since 0.7223s ago] (UUID('1dd65b3e-45b0-4750-a89b-ed96548a52e3'), datetime.datetime(2026, 1, 1, 0, 0))
2026-01-27 22:05:06,260 INFO sqlalchemy.engine.Engine SELECT avg(CAST(analyses.overall_relevance_score AS FLOAT)) AS avg_1 
FROM analyses 
WHERE analyses.company_id = $1::UUID AND (analyses.overall_relevance_score ~ $2::VARCHAR)
2026-01-27 22:05:06,261 INFO sqlalchemy.engine.Engine [cached since 0.6594s ago] (UUID('1dd65b3e-45b0-4750-a89b-ed96548a52e3'), '^[0-9]+(\\.[0-9]+)?$')
2026-01-27 22:05:07,139 INFO sqlalchemy.engine.Engine SELECT count(*) AS count_1 
FROM analyses 
WHERE analyses.company_id = $1::UUID AND analyses.go_no_go_recommendation = $2::VARCHAR
2026-01-27 22:05:07,139 INFO sqlalchemy.engine.Engine [cached since 1.429s ago] (UUID('1dd65b3e-45b0-4750-a89b-ed96548a52e3'), 'GO')
2026-01-27 22:05:07,178 INFO sqlalchemy.engine.Engine SELECT count(*) AS count_1 
FROM analyses 
WHERE analyses.company_id = $1::UUID AND analyses.go_no_go_recommendation = $2::VARCHAR
2026-01-27 22:05:07,178 INFO sqlalchemy.engine.Engine [cached since 1.469s ago] (UUID('1dd65b3e-45b0-4750-a89b-ed96548a52e3'), 'NO-GO')
2026-01-27 22:05:07,231 INFO sqlalchemy.engine.Engine SELECT count(*) AS count_1 
FROM analyses 
WHERE analyses.company_id = $1::UUID AND analyses.go_no_go_recommendation = $2::VARCHAR
2026-01-27 22:05:07,231 INFO sqlalchemy.engine.Engine [cached since 1.521s ago] (UUID('1dd65b3e-45b0-4750-a89b-ed96548a52e3'), 'CONDITIONAL')
2026-01-27 22:05:07,270 INFO sqlalchemy.engine.Engine SELECT opportunities.id, opportunities.title, opportunities.agency, opportunities.solicitation_number, opportunities.updated_at 
FROM opportunities 
WHERE opportunities.company_id = $1::UUID AND opportunities.deleted_at IS NULL ORDER BY opportunities.updated_at DESC 
 LIMIT $2::INTEGER
2026-01-27 22:05:07,270 INFO sqlalchemy.engine.Engine [cached since 1.39s ago] (UUID('1dd65b3e-45b0-4750-a89b-ed96548a52e3'), 5)
2026-01-27 22:05:07,311 INFO sqlalchemy.engine.Engine ROLLBACK
INFO:     127.0.0.1:49366 - "GET /api/dashboard/summary?org_id=1dd65b3e-45b0-4750-a89b-ed96548a52e3 HTTP/1.1" 200 OK
INFO:     127.0.0.1:49368 - "GET /api/opportunities?org_id=96f87f05-c153-42d5-ad39-547cada8fa4b HTTP/1.1" 307 Temporary Redirect
2026-01-27 22:05:07,368 INFO sqlalchemy.engine.Engine BEGIN (implicit)
2026-01-27 22:05:07,368 INFO sqlalchemy.engine.Engine SELECT users.id, users.email, users.name, users.password_hash, users.auth_provider, users.auth_provider_id, users.avatar_url, users.is_active, users.last_login_at, users.created_at, users.updated_at, users.deleted_at 
FROM users 
WHERE users.email = $1::VARCHAR
2026-01-27 22:05:07,368 INFO sqlalchemy.engine.Engine [cached since 333s ago] ('admin@internal.local',)
2026-01-27 22:05:07,447 INFO sqlalchemy.engine.Engine SELECT user_companies.id, user_companies.user_id, user_companies.company_id, user_companies.role, user_companies.is_default, user_companies.created_at, user_companies.updated_at 
FROM user_companies 
WHERE user_companies.user_id = $1::UUID AND user_companies.company_id = $2::UUID
2026-01-27 22:05:07,447 INFO sqlalchemy.engine.Engine [cached since 332.9s ago] (UUID('64f538a2-4cfd-47a3-be23-9b9062a3565f'), UUID('96f87f05-c153-42d5-ad39-547cada8fa4b'))
2026-01-27 22:05:07,486 INFO sqlalchemy.engine.Engine SELECT companies.id, companies.name, companies.cage_code, companies.uei, companies.duns, companies.primary_naics, companies.size_standard, companies.address_line1, companies.address_line2, companies.city, companies.state, companies.zip_code, companies.country, companies.website, companies.linkedin_url, companies.employee_count, companies.founded_year, companies.description, companies.business_size, companies.certifications, companies.certification_details, companies.gsa_schedules, companies.contract_vehicles, companies.primary_naic_code, companies.service_areas, companies.facility_clearance, companies.geographic_coverage, companies.annual_revenue, companies.bonding_capacity, companies.teaming_partners, companies.typical_role, companies.settings, companies.created_at, companies.updated_at, companies.deleted_at 
FROM companies 
WHERE companies.id = $1::UUID
2026-01-27 22:05:07,486 INFO sqlalchemy.engine.Engine [cached since 332.9s ago] (UUID('96f87f05-c153-42d5-ad39-547cada8fa4b'),)
2026-01-27 22:05:07,527 INFO sqlalchemy.engine.Engine SELECT company_profiles.id, company_profiles.name, company_profiles.naics_codes, company_profiles.certifications, company_profiles.clearances, company_profiles.set_asides, company_profiles.employee_count, company_profiles.annual_revenue, company_profiles.bonding_capacity, company_profiles.cage_code, company_profiles.duns_number, company_profiles.created_at, company_profiles.updated_at 
FROM company_profiles 
WHERE company_profiles.id = $1::UUID
2026-01-27 22:05:07,527 INFO sqlalchemy.engine.Engine [cached since 332.6s ago] (UUID('96f87f05-c153-42d5-ad39-547cada8fa4b'),)
2026-01-27 22:05:07,570 INFO sqlalchemy.engine.Engine SELECT documents.id, documents.company_id, documents.document_type, documents.filename, documents.file_path, documents.file_size_bytes, documents.mime_type, documents.contract_number, documents.contract_title, documents.customer_agency, documents.customer_command, documents.customer_office, documents.contract_value, documents.contract_type, documents.period_of_performance_start, documents.period_of_performance_end, documents.naics_code, documents.psc_code, documents.clearance_level, documents.fte_count, documents.geographic_scope, documents.locations, documents.cpars_quality_rating, documents.cpars_schedule_rating, documents.cpars_cost_rating, documents.cpars_management_rating, documents.cpars_overall_rating, documents.raw_text, documents.parsed_content, documents.embedding, documents.processing_status, documents.processing_error, documents.processed_at, documents.tags, documents.notes, documents.created_by, documents.created_at, documents.updated_at, documents.deleted_at 
FROM documents 
WHERE documents.company_id = $1::UUID AND documents.deleted_at IS NULL
2026-01-27 22:05:07,570 INFO sqlalchemy.engine.Engine [cached since 262.4s ago] (UUID('96f87f05-c153-42d5-ad39-547cada8fa4b'),)
2026-01-27 22:05:07,622 INFO sqlalchemy.engine.Engine ROLLBACK
INFO:     127.0.0.1:49370 - "GET /api/company-profile?org_id=96f87f05-c153-42d5-ad39-547cada8fa4b HTTP/1.1" 200 OK
INFO:     127.0.0.1:49372 - "GET /api/past-performance?org_id=96f87f05-c153-42d5-ad39-547cada8fa4b HTTP/1.1" 404 Not Found
2026-01-27 22:05:07,688 INFO sqlalchemy.engine.Engine BEGIN (implicit)
2026-01-27 22:05:07,689 INFO sqlalchemy.engine.Engine SELECT users.id, users.email, users.name, users.password_hash, users.auth_provider, users.auth_provider_id, users.avatar_url, users.is_active, users.last_login_at, users.created_at, users.updated_at, users.deleted_at 
FROM users 
WHERE users.email = $1::VARCHAR
2026-01-27 22:05:07,689 INFO sqlalchemy.engine.Engine [cached since 333.3s ago] ('admin@internal.local',)
2026-01-27 22:05:07,784 INFO sqlalchemy.engine.Engine ROLLBACK
INFO:     127.0.0.1:49374 - "POST /api/roxy/tools/compliance-check HTTP/1.1" 422 Unprocessable Entity
2026-01-27 22:05:07,835 INFO sqlalchemy.engine.Engine BEGIN (implicit)
2026-01-27 22:05:07,835 INFO sqlalchemy.engine.Engine SELECT users.id, users.email, users.name, users.password_hash, users.auth_provider, users.auth_provider_id, users.avatar_url, users.is_active, users.last_login_at, users.created_at, users.updated_at, users.deleted_at 
FROM users 
WHERE users.email = $1::VARCHAR
2026-01-27 22:05:07,835 INFO sqlalchemy.engine.Engine [cached since 333.5s ago] ('admin@internal.local',)
2026-01-27 22:05:07,924 INFO sqlalchemy.engine.Engine ROLLBACK
INFO:     127.0.0.1:49376 - "POST /api/roxy/chat HTTP/1.1" 422 Unprocessable Entity
INFO:     127.0.0.1:49379 - "GET /api/opportunities?org_id=96f87f05-c153-42d5-ad39-547cada8fa4b HTTP/1.1" 307 Temporary Redirect
2026-01-27 22:05:24,484 INFO sqlalchemy.engine.Engine BEGIN (implicit)
2026-01-27 22:05:24,484 INFO sqlalchemy.engine.Engine SELECT users.id, users.email, users.name, users.password_hash, users.auth_provider, users.auth_provider_id, users.avatar_url, users.is_active, users.last_login_at, users.created_at, users.updated_at, users.deleted_at 
FROM users 
WHERE users.email = $1::VARCHAR
2026-01-27 22:05:24,484 INFO sqlalchemy.engine.Engine [cached since 350.1s ago] ('admin@internal.local',)
2026-01-27 22:05:24,574 INFO sqlalchemy.engine.Engine SELECT user_companies.id, user_companies.user_id, user_companies.company_id, user_companies.role, user_companies.is_default, user_companies.created_at, user_companies.updated_at 
FROM user_companies 
WHERE user_companies.user_id = $1::UUID AND user_companies.company_id = $2::UUID
2026-01-27 22:05:24,574 INFO sqlalchemy.engine.Engine [cached since 350s ago] (UUID('64f538a2-4cfd-47a3-be23-9b9062a3565f'), UUID('96f87f05-c153-42d5-ad39-547cada8fa4b'))
2026-01-27 22:05:24,624 INFO sqlalchemy.engine.Engine SELECT opportunities.id, opportunities.company_id, opportunities.solicitation_number, opportunities.title, opportunities.agency, opportunities.sub_agency, opportunities.contracting_office, opportunities.naics_code, opportunities.psc_code, opportunities.estimated_value, opportunities.set_aside_type, opportunities.contract_type, opportunities.response_due_date, opportunities.questions_due_date, opportunities.award_date, opportunities.status, opportunities.source_url, opportunities.notes, opportunities.pipeline_stage, opportunities.is_hidden, opportunities.hidden_at, opportunities.hidden_reason, opportunities.is_no_bid, opportunities.no_bid_reason, opportunities.is_favorite, opportunities.created_by, opportunities.created_at, opportunities.updated_at, opportunities.deleted_at 
FROM opportunities 
WHERE opportunities.company_id = $1::UUID AND opportunities.is_hidden = false ORDER BY opportunities.response_due_date ASC
2026-01-27 22:05:24,624 INFO sqlalchemy.engine.Engine [generated in 0.00041s] (UUID('96f87f05-c153-42d5-ad39-547cada8fa4b'),)
2026-01-27 22:05:24,725 INFO sqlalchemy.engine.Engine SELECT companies.id AS companies_id, companies.name AS companies_name, companies.cage_code AS companies_cage_code, companies.uei AS companies_uei, companies.duns AS companies_duns, companies.primary_naics AS companies_primary_naics, companies.size_standard AS companies_size_standard, companies.address_line1 AS companies_address_line1, companies.address_line2 AS companies_address_line2, companies.city AS companies_city, companies.state AS companies_state, companies.zip_code AS companies_zip_code, companies.country AS companies_country, companies.website AS companies_website, companies.linkedin_url AS companies_linkedin_url, companies.employee_count AS companies_employee_count, companies.founded_year AS companies_founded_year, companies.description AS companies_description, companies.business_size AS companies_business_size, companies.certifications AS companies_certifications, companies.certification_details AS companies_certification_details, companies.gsa_schedules AS companies_gsa_schedules, companies.contract_vehicles AS companies_contract_vehicles, companies.primary_naic_code AS companies_primary_naic_code, companies.service_areas AS companies_service_areas, companies.facility_clearance AS companies_facility_clearance, companies.geographic_coverage AS companies_geographic_coverage, companies.annual_revenue AS companies_annual_revenue, companies.bonding_capacity AS companies_bonding_capacity, companies.teaming_partners AS companies_teaming_partners, companies.typical_role AS companies_typical_role, companies.settings AS companies_settings, companies.created_at AS companies_created_at, companies.updated_at AS companies_updated_at, companies.deleted_at AS companies_deleted_at 
FROM companies 
WHERE companies.id IN ($1::UUID)
2026-01-27 22:05:24,725 INFO sqlalchemy.engine.Engine [generated in 0.00036s] (UUID('96f87f05-c153-42d5-ad39-547cada8fa4b'),)
2026-01-27 22:05:24,817 INFO sqlalchemy.engine.Engine SELECT DISTINCT ON (analyses.opportunity_id) analyses.id, analyses.company_id, analyses.opportunity_id, analyses.overall_relevance_score, analyses.scope_score, analyses.magnitude_score, analyses.complexity_score, analyses.recency_score, analyses.strengths, analyses.weaknesses, analyses.recommendations, analyses.gap_matrix, analyses.document_assessments, analyses.documents_analyzed, analyses.agent_confidence, analyses.go_no_go_recommendation, analyses.go_no_go_reasoning, analyses.requirements_matrix, analyses.requirements_summary, analyses.contract_assessments, analyses.red_flags, analyses.evaluator_perspective, analyses.overall_relevance_label, analyses.dimensional_scores, analyses.company_compliance, analyses.document_analysis, analyses.analysis_notes, analyses.user_notes, analyses.raw_llm_response, analyses.processing_time_seconds, analyses.tokens_used, analyses.model_version, analyses.created_by, analyses.created_at, analyses.updated_at, analyses.deleted_at 
FROM analyses 
WHERE analyses.opportunity_id IN ($1::UUID, $2::UUID, $3::UUID, $4::UUID, $5::UUID) ORDER BY analyses.opportunity_id, analyses.created_at DESC
2026-01-27 22:05:24,817 INFO sqlalchemy.engine.Engine [generated in 0.00039s] (UUID('9b380ddc-a884-4ed9-84ba-3078657a5fc0'), UUID('4ee143cc-b927-4341-926e-1a83087f0c1e'), UUID('1c2210ec-1dc9-4796-b50b-77c3243fed61'), UUID('b19c1c59-43b4-4a37-9ee5-3d72b33db6fa'), UUID('2db34631-b550-4170-b9fe-1213dd042c5b'))
2026-01-27 22:05:25,180 INFO sqlalchemy.engine.Engine ROLLBACK
INFO:     127.0.0.1:49379 - "GET /api/opportunities/?org_id=96f87f05-c153-42d5-ad39-547cada8fa4b HTTP/1.1" 200 OK
2026-01-27 22:05:25,242 INFO sqlalchemy.engine.Engine BEGIN (implicit)
2026-01-27 22:05:25,242 INFO sqlalchemy.engine.Engine SELECT users.id, users.email, users.name, users.password_hash, users.auth_provider, users.auth_provider_id, users.avatar_url, users.is_active, users.last_login_at, users.created_at, users.updated_at, users.deleted_at 
FROM users 
WHERE users.email = $1::VARCHAR
2026-01-27 22:05:25,242 INFO sqlalchemy.engine.Engine [cached since 350.9s ago] ('admin@internal.local',)
2026-01-27 22:05:25,324 INFO sqlalchemy.engine.Engine ROLLBACK
INFO:     127.0.0.1:49381 - "GET /api/opportunities/?company_id=96f87f05-c153-42d5-ad39-547cada8fa4b HTTP/1.1" 422 Unprocessable Entity
2026-01-27 22:05:25,380 INFO sqlalchemy.engine.Engine BEGIN (implicit)
2026-01-27 22:05:25,381 INFO sqlalchemy.engine.Engine SELECT users.id, users.email, users.name, users.password_hash, users.auth_provider, users.auth_provider_id, users.avatar_url, users.is_active, users.last_login_at, users.created_at, users.updated_at, users.deleted_at 
FROM users 
WHERE users.email = $1::VARCHAR
2026-01-27 22:05:25,381 INFO sqlalchemy.engine.Engine [cached since 351s ago] ('admin@internal.local',)
2026-01-27 22:05:25,461 INFO sqlalchemy.engine.Engine SELECT user_companies.id, user_companies.user_id, user_companies.company_id, user_companies.role, user_companies.is_default, user_companies.created_at, user_companies.updated_at 
FROM user_companies 
WHERE user_companies.user_id = $1::UUID AND user_companies.company_id = $2::UUID
2026-01-27 22:05:25,462 INFO sqlalchemy.engine.Engine [cached since 350.9s ago] (UUID('64f538a2-4cfd-47a3-be23-9b9062a3565f'), UUID('96f87f05-c153-42d5-ad39-547cada8fa4b'))
2026-01-27 22:05:25,519 INFO sqlalchemy.engine.Engine SELECT opportunities.id 
FROM opportunities 
WHERE opportunities.id = $1::UUID AND opportunities.company_id = $2::UUID
2026-01-27 22:05:25,519 INFO sqlalchemy.engine.Engine [generated in 0.00025s] (UUID('1c2210ec-1dc9-4796-b50b-77c3243fed61'), UUID('96f87f05-c153-42d5-ad39-547cada8fa4b'))
2026-01-27 22:05:25,600 INFO sqlalchemy.engine.Engine SELECT opportunities.id, opportunities.company_id, opportunities.solicitation_number, opportunities.title, opportunities.agency, opportunities.sub_agency, opportunities.contracting_office, opportunities.naics_code, opportunities.psc_code, opportunities.estimated_value, opportunities.set_aside_type, opportunities.contract_type, opportunities.response_due_date, opportunities.questions_due_date, opportunities.award_date, opportunities.status, opportunities.source_url, opportunities.notes, opportunities.pipeline_stage, opportunities.is_hidden, opportunities.hidden_at, opportunities.hidden_reason, opportunities.is_no_bid, opportunities.no_bid_reason, opportunities.is_favorite, opportunities.created_by, opportunities.created_at, opportunities.updated_at, opportunities.deleted_at 
FROM opportunities 
WHERE opportunities.id = $1::UUID
2026-01-27 22:05:25,600 INFO sqlalchemy.engine.Engine [generated in 0.00026s] (UUID('1c2210ec-1dc9-4796-b50b-77c3243fed61'),)
2026-01-27 22:05:25,684 INFO sqlalchemy.engine.Engine SELECT companies.id, companies.name, companies.cage_code, companies.uei, companies.duns, companies.primary_naics, companies.size_standard, companies.address_line1, companies.address_line2, companies.city, companies.state, companies.zip_code, companies.country, companies.website, companies.linkedin_url, companies.employee_count, companies.founded_year, companies.description, companies.business_size, companies.certifications, companies.certification_details, companies.gsa_schedules, companies.contract_vehicles, companies.primary_naic_code, companies.service_areas, companies.facility_clearance, companies.geographic_coverage, companies.annual_revenue, companies.bonding_capacity, companies.teaming_partners, companies.typical_role, companies.settings, companies.created_at, companies.updated_at, companies.deleted_at 
FROM companies 
WHERE companies.id = $1::UUID
2026-01-27 22:05:25,684 INFO sqlalchemy.engine.Engine [cached since 351s ago] (UUID('96f87f05-c153-42d5-ad39-547cada8fa4b'),)
2026-01-27 22:05:25,724 INFO sqlalchemy.engine.Engine SELECT company_profiles.id, company_profiles.name, company_profiles.naics_codes, company_profiles.certifications, company_profiles.clearances, company_profiles.set_asides, company_profiles.employee_count, company_profiles.annual_revenue, company_profiles.bonding_capacity, company_profiles.cage_code, company_profiles.duns_number, company_profiles.created_at, company_profiles.updated_at 
FROM company_profiles 
WHERE company_profiles.id = $1::UUID
2026-01-27 22:05:25,725 INFO sqlalchemy.engine.Engine [cached since 350.8s ago] (UUID('96f87f05-c153-42d5-ad39-547cada8fa4b'),)
2026-01-27 22:05:25,768 INFO sqlalchemy.engine.Engine SELECT analyses.id, analyses.company_id, analyses.opportunity_id, analyses.overall_relevance_score, analyses.scope_score, analyses.magnitude_score, analyses.complexity_score, analyses.recency_score, analyses.strengths, analyses.weaknesses, analyses.recommendations, analyses.gap_matrix, analyses.document_assessments, analyses.documents_analyzed, analyses.agent_confidence, analyses.go_no_go_recommendation, analyses.go_no_go_reasoning, analyses.requirements_matrix, analyses.requirements_summary, analyses.contract_assessments, analyses.red_flags, analyses.evaluator_perspective, analyses.overall_relevance_label, analyses.dimensional_scores, analyses.company_compliance, analyses.document_analysis, analyses.analysis_notes, analyses.user_notes, analyses.raw_llm_response, analyses.processing_time_seconds, analyses.tokens_used, analyses.model_version, analyses.created_by, analyses.created_at, analyses.updated_at, analyses.deleted_at 
FROM analyses 
WHERE analyses.opportunity_id = $1::UUID ORDER BY analyses.created_at DESC 
 LIMIT $2::INTEGER
2026-01-27 22:05:25,768 INFO sqlalchemy.engine.Engine [generated in 0.00036s] (UUID('1c2210ec-1dc9-4796-b50b-77c3243fed61'), 1)
2026-01-27 22:05:25,849 INFO sqlalchemy.engine.Engine SELECT documents.id, documents.company_id, documents.document_type, documents.filename, documents.file_path, documents.file_size_bytes, documents.mime_type, documents.contract_number, documents.contract_title, documents.customer_agency, documents.customer_command, documents.customer_office, documents.contract_value, documents.contract_type, documents.period_of_performance_start, documents.period_of_performance_end, documents.naics_code, documents.psc_code, documents.clearance_level, documents.fte_count, documents.geographic_scope, documents.locations, documents.cpars_quality_rating, documents.cpars_schedule_rating, documents.cpars_cost_rating, documents.cpars_management_rating, documents.cpars_overall_rating, documents.raw_text, documents.parsed_content, documents.embedding, documents.processing_status, documents.processing_error, documents.processed_at, documents.tags, documents.notes, documents.created_by, documents.created_at, documents.updated_at, documents.deleted_at 
FROM documents 
WHERE documents.company_id = $1::UUID AND documents.deleted_at IS NULL
2026-01-27 22:05:25,849 INFO sqlalchemy.engine.Engine [cached since 280.7s ago] (UUID('96f87f05-c153-42d5-ad39-547cada8fa4b'),)
2026-01-27 22:05:25,893 INFO sqlalchemy.engine.Engine ROLLBACK
INFO:     127.0.0.1:49383 - "POST /api/roxy/tools/compliance-check?org_id=96f87f05-c153-42d5-ad39-547cada8fa4b HTTP/1.1" 200 OK
2026-01-27 22:05:25,956 INFO sqlalchemy.engine.Engine BEGIN (implicit)
2026-01-27 22:05:25,956 INFO sqlalchemy.engine.Engine SELECT users.id, users.email, users.name, users.password_hash, users.auth_provider, users.auth_provider_id, users.avatar_url, users.is_active, users.last_login_at, users.created_at, users.updated_at, users.deleted_at 
FROM users 
WHERE users.email = $1::VARCHAR
2026-01-27 22:05:25,956 INFO sqlalchemy.engine.Engine [cached since 351.6s ago] ('admin@internal.local',)
2026-01-27 22:05:26,035 INFO sqlalchemy.engine.Engine SELECT user_companies.id, user_companies.user_id, user_companies.company_id, user_companies.role, user_companies.is_default, user_companies.created_at, user_companies.updated_at 
FROM user_companies 
WHERE user_companies.user_id = $1::UUID AND user_companies.company_id = $2::UUID
2026-01-27 22:05:26,035 INFO sqlalchemy.engine.Engine [cached since 351.5s ago] (UUID('64f538a2-4cfd-47a3-be23-9b9062a3565f'), UUID('96f87f05-c153-42d5-ad39-547cada8fa4b'))
2026-01-27 22:05:26,092 INFO sqlalchemy.engine.Engine SELECT opportunities.id 
FROM opportunities 
WHERE opportunities.id = $1::UUID AND opportunities.company_id = $2::UUID
2026-01-27 22:05:26,092 INFO sqlalchemy.engine.Engine [cached since 0.5736s ago] (UUID('1c2210ec-1dc9-4796-b50b-77c3243fed61'), UUID('96f87f05-c153-42d5-ad39-547cada8fa4b'))
2026-01-27 22:05:26,135 INFO sqlalchemy.engine.Engine SELECT roxy_sessions.id, roxy_sessions.opportunity_id, roxy_sessions.created_at, roxy_sessions.updated_at 
FROM roxy_sessions 
WHERE roxy_sessions.opportunity_id = $1::UUID
2026-01-27 22:05:26,135 INFO sqlalchemy.engine.Engine [generated in 0.00036s] (UUID('1c2210ec-1dc9-4796-b50b-77c3243fed61'),)
2026-01-27 22:05:26,226 INFO sqlalchemy.engine.Engine INSERT INTO roxy_messages (id, session_id, role, content, citations, tool_used, created_at) VALUES ($1::UUID, $2::UUID, $3::VARCHAR, $4::VARCHAR, $5::JSONB, $6::VARCHAR, $7::TIMESTAMP WITHOUT TIME ZONE)
2026-01-27 22:05:26,226 INFO sqlalchemy.engine.Engine [generated in 0.00053s] (UUID('c2fe4533-eb74-4ee2-99b8-87209c399cae'), UUID('06d56ae0-7461-41bc-abcb-8b6b2d4b54db'), 'user', 'What certifications are required?', '[]', None, datetime.datetime(2026, 1, 28, 3, 5, 26, 226503))
2026-01-27 22:05:26,320 INFO sqlalchemy.engine.Engine COMMIT
INFO:     127.0.0.1:49385 - "POST /api/roxy/chat?org_id=96f87f05-c153-42d5-ad39-547cada8fa4b HTTP/1.1" 200 OK
2026-01-27 22:05:26,360 INFO sqlalchemy.engine.Engine BEGIN (implicit)
2026-01-27 22:05:26,361 INFO sqlalchemy.engine.Engine SELECT opportunities.id, opportunities.company_id, opportunities.solicitation_number, opportunities.title, opportunities.agency, opportunities.sub_agency, opportunities.contracting_office, opportunities.naics_code, opportunities.psc_code, opportunities.estimated_value, opportunities.set_aside_type, opportunities.contract_type, opportunities.response_due_date, opportunities.questions_due_date, opportunities.award_date, opportunities.status, opportunities.source_url, opportunities.notes, opportunities.pipeline_stage, opportunities.is_hidden, opportunities.hidden_at, opportunities.hidden_reason, opportunities.is_no_bid, opportunities.no_bid_reason, opportunities.is_favorite, opportunities.created_by, opportunities.created_at, opportunities.updated_at, opportunities.deleted_at 
FROM opportunities 
WHERE opportunities.id = $1::UUID
2026-01-27 22:05:26,361 INFO sqlalchemy.engine.Engine [cached since 0.7608s ago] (UUID('1c2210ec-1dc9-4796-b50b-77c3243fed61'),)
2026-01-27 22:05:26,445 INFO sqlalchemy.engine.Engine SELECT companies.id, companies.name, companies.cage_code, companies.uei, companies.duns, companies.primary_naics, companies.size_standard, companies.address_line1, companies.address_line2, companies.city, companies.state, companies.zip_code, companies.country, companies.website, companies.linkedin_url, companies.employee_count, companies.founded_year, companies.description, companies.business_size, companies.certifications, companies.certification_details, companies.gsa_schedules, companies.contract_vehicles, companies.primary_naic_code, companies.service_areas, companies.facility_clearance, companies.geographic_coverage, companies.annual_revenue, companies.bonding_capacity, companies.teaming_partners, companies.typical_role, companies.settings, companies.created_at, companies.updated_at, companies.deleted_at 
FROM companies 
WHERE companies.id = $1::UUID
2026-01-27 22:05:26,445 INFO sqlalchemy.engine.Engine [cached since 351.8s ago] (UUID('96f87f05-c153-42d5-ad39-547cada8fa4b'),)
2026-01-27 22:05:26,494 INFO sqlalchemy.engine.Engine SELECT documents.id, documents.company_id, documents.document_type, documents.filename, documents.file_path, documents.file_size_bytes, documents.mime_type, documents.contract_number, documents.contract_title, documents.customer_agency, documents.customer_command, documents.customer_office, documents.contract_value, documents.contract_type, documents.period_of_performance_start, documents.period_of_performance_end, documents.naics_code, documents.psc_code, documents.clearance_level, documents.fte_count, documents.geographic_scope, documents.locations, documents.cpars_quality_rating, documents.cpars_schedule_rating, documents.cpars_cost_rating, documents.cpars_management_rating, documents.cpars_overall_rating, documents.raw_text, documents.parsed_content, documents.embedding, documents.processing_status, documents.processing_error, documents.processed_at, documents.tags, documents.notes, documents.created_by, documents.created_at, documents.updated_at, documents.deleted_at 
FROM documents 
WHERE documents.company_id = $1::UUID
2026-01-27 22:05:26,494 INFO sqlalchemy.engine.Engine [generated in 0.00014s] (UUID('96f87f05-c153-42d5-ad39-547cada8fa4b'),)
2026-01-27 22:05:26,646 INFO sqlalchemy.engine.Engine SELECT opportunity_documents.id, opportunity_documents.opportunity_id, opportunity_documents.document_type, opportunity_documents.filename, opportunity_documents.file_path, opportunity_documents.file_size_bytes, opportunity_documents.mime_type, opportunity_documents.raw_text, opportunity_documents.parsed_requirements, opportunity_documents.embedding, opportunity_documents.processing_status, opportunity_documents.processing_error, opportunity_documents.processed_at, opportunity_documents.created_at, opportunity_documents.updated_at 
FROM opportunity_documents 
WHERE opportunity_documents.opportunity_id = $1::UUID
2026-01-27 22:05:26,646 INFO sqlalchemy.engine.Engine [generated in 0.00013s] (UUID('1c2210ec-1dc9-4796-b50b-77c3243fed61'),)
2026-01-27 22:05:26,741 INFO sqlalchemy.engine.Engine SELECT analyses.id, analyses.company_id, analyses.opportunity_id, analyses.overall_relevance_score, analyses.scope_score, analyses.magnitude_score, analyses.complexity_score, analyses.recency_score, analyses.strengths, analyses.weaknesses, analyses.recommendations, analyses.gap_matrix, analyses.document_assessments, analyses.documents_analyzed, analyses.agent_confidence, analyses.go_no_go_recommendation, analyses.go_no_go_reasoning, analyses.requirements_matrix, analyses.requirements_summary, analyses.contract_assessments, analyses.red_flags, analyses.evaluator_perspective, analyses.overall_relevance_label, analyses.dimensional_scores, analyses.company_compliance, analyses.document_analysis, analyses.analysis_notes, analyses.user_notes, analyses.raw_llm_response, analyses.processing_time_seconds, analyses.tokens_used, analyses.model_version, analyses.created_by, analyses.created_at, analyses.updated_at, analyses.deleted_at 
FROM analyses 
WHERE analyses.opportunity_id = $1::UUID ORDER BY analyses.created_at DESC
2026-01-27 22:05:26,741 INFO sqlalchemy.engine.Engine [generated in 0.00013s] (UUID('1c2210ec-1dc9-4796-b50b-77c3243fed61'),)
2026-01-27 22:05:26,837 INFO sqlalchemy.engine.Engine SELECT roxy_memories.id, roxy_memories.company_id, roxy_memories.memory_type, roxy_memories.content, roxy_memories.source, roxy_memories.confidence, roxy_memories.created_at, roxy_memories.updated_at 
FROM roxy_memories 
WHERE roxy_memories.company_id = $1::UUID ORDER BY roxy_memories.updated_at DESC 
 LIMIT $2::INTEGER
2026-01-27 22:05:26,837 INFO sqlalchemy.engine.Engine [generated in 0.00036s] (UUID('96f87f05-c153-42d5-ad39-547cada8fa4b'), 20)
ERROR:    Exception in ASGI application
  + Exception Group Traceback (most recent call last):
  |   File "/Users/kurtkarslioglu/Library/Python/3.9/lib/python/site-packages/uvicorn/protocols/http/httptools_impl.py", line 419, in run_asgi
  |     result = await app(  # type: ignore[func-returns-value]
  |   File "/Users/kurtkarslioglu/Library/Python/3.9/lib/python/site-packages/uvicorn/middleware/proxy_headers.py", line 84, in __call__
  |     return await self.app(scope, receive, send)
  |   File "/Users/kurtkarslioglu/Library/Python/3.9/lib/python/site-packages/fastapi/applications.py", line 1054, in __call__
  |     await super().__call__(scope, receive, send)
  |   File "/Users/kurtkarslioglu/Library/Python/3.9/lib/python/site-packages/starlette/applications.py", line 123, in __call__
  |     await self.middleware_stack(scope, receive, send)
  |   File "/Users/kurtkarslioglu/Library/Python/3.9/lib/python/site-packages/starlette/middleware/errors.py", line 186, in __call__
  |     raise exc
  |   File "/Users/kurtkarslioglu/Library/Python/3.9/lib/python/site-packages/starlette/middleware/errors.py", line 164, in __call__
  |     await self.app(scope, receive, _send)
  |   File "/Users/kurtkarslioglu/Library/Python/3.9/lib/python/site-packages/starlette/middleware/cors.py", line 83, in __call__
  |     await self.app(scope, receive, send)
  |   File "/Users/kurtkarslioglu/Library/Python/3.9/lib/python/site-packages/starlette/middleware/exceptions.py", line 62, in __call__
  |     await wrap_app_handling_exceptions(self.app, conn)(scope, receive, send)
  |   File "/Users/kurtkarslioglu/Library/Python/3.9/lib/python/site-packages/starlette/_exception_handler.py", line 64, in wrapped_app
  |     raise exc
  |   File "/Users/kurtkarslioglu/Library/Python/3.9/lib/python/site-packages/starlette/_exception_handler.py", line 53, in wrapped_app
  |     await app(scope, receive, sender)
  |   File "/Users/kurtkarslioglu/Library/Python/3.9/lib/python/site-packages/starlette/routing.py", line 762, in __call__
  |     await self.middleware_stack(scope, receive, send)
  |   File "/Users/kurtkarslioglu/Library/Python/3.9/lib/python/site-packages/starlette/routing.py", line 782, in app
  |     await route.handle(scope, receive, send)
  |   File "/Users/kurtkarslioglu/Library/Python/3.9/lib/python/site-packages/starlette/routing.py", line 297, in handle
  |     await self.app(scope, receive, send)
  |   File "/Users/kurtkarslioglu/Library/Python/3.9/lib/python/site-packages/starlette/routing.py", line 77, in app
  |     await wrap_app_handling_exceptions(app, request)(scope, receive, send)
  |   File "/Users/kurtkarslioglu/Library/Python/3.9/lib/python/site-packages/starlette/_exception_handler.py", line 64, in wrapped_app
  |     raise exc
  |   File "/Users/kurtkarslioglu/Library/Python/3.9/lib/python/site-packages/starlette/_exception_handler.py", line 53, in wrapped_app
  |     await app(scope, receive, sender)
  |   File "/Users/kurtkarslioglu/Library/Python/3.9/lib/python/site-packages/starlette/routing.py", line 75, in app
  |     await response(scope, receive, send)
  |   File "/Users/kurtkarslioglu/Library/Python/3.9/lib/python/site-packages/starlette/responses.py", line 261, in __call__
  |     await wrap(partial(self.listen_for_disconnect, receive))
  |   File "/Users/kurtkarslioglu/Library/Python/3.9/lib/python/site-packages/anyio/_backends/_asyncio.py", line 783, in __aexit__
  |     raise BaseExceptionGroup(
  | exceptiongroup.ExceptionGroup: unhandled errors in a TaskGroup (1 sub-exception)
  +-+---------------- 1 ----------------
    | Traceback (most recent call last):
    |   File "/Users/kurtkarslioglu/Library/Python/3.9/lib/python/site-packages/sqlalchemy/dialects/postgresql/asyncpg.py", line 522, in _prepare_and_execute
    |     prepared_stmt, attributes = await adapt_connection._prepare(
    |   File "/Users/kurtkarslioglu/Library/Python/3.9/lib/python/site-packages/sqlalchemy/dialects/postgresql/asyncpg.py", line 773, in _prepare
    |     prepared_stmt = await self._connection.prepare(
    |   File "/Users/kurtkarslioglu/Library/Python/3.9/lib/python/site-packages/asyncpg/connection.py", line 636, in prepare
    |     return await self._prepare(
    |   File "/Users/kurtkarslioglu/Library/Python/3.9/lib/python/site-packages/asyncpg/connection.py", line 654, in _prepare
    |     stmt = await self._get_statement(
    |   File "/Users/kurtkarslioglu/Library/Python/3.9/lib/python/site-packages/asyncpg/connection.py", line 433, in _get_statement
    |     statement = await self._protocol.prepare(
    |   File "asyncpg/protocol/protocol.pyx", line 166, in prepare
    | asyncpg.exceptions.UndefinedTableError: relation "roxy_memories" does not exist
    | 
    | The above exception was the direct cause of the following exception:
    | 
    | Traceback (most recent call last):
    |   File "/Users/kurtkarslioglu/Library/Python/3.9/lib/python/site-packages/sqlalchemy/engine/base.py", line 1969, in _exec_single_context
    |     self.dialect.do_execute(
    |   File "/Users/kurtkarslioglu/Library/Python/3.9/lib/python/site-packages/sqlalchemy/engine/default.py", line 922, in do_execute
    |     cursor.execute(statement, parameters)
    |   File "/Users/kurtkarslioglu/Library/Python/3.9/lib/python/site-packages/sqlalchemy/dialects/postgresql/asyncpg.py", line 580, in execute
    |     self._adapt_connection.await_(
    |   File "/Users/kurtkarslioglu/Library/Python/3.9/lib/python/site-packages/sqlalchemy/util/_concurrency_py3k.py", line 130, in await_only
    |     return current.driver.switch(awaitable)  # type: ignore[no-any-return]
    |   File "/Users/kurtkarslioglu/Library/Python/3.9/lib/python/site-packages/sqlalchemy/util/_concurrency_py3k.py", line 195, in greenlet_spawn
    |     value = await result
    |   File "/Users/kurtkarslioglu/Library/Python/3.9/lib/python/site-packages/sqlalchemy/dialects/postgresql/asyncpg.py", line 558, in _prepare_and_execute
    |     self._handle_exception(error)
    |   File "/Users/kurtkarslioglu/Library/Python/3.9/lib/python/site-packages/sqlalchemy/dialects/postgresql/asyncpg.py", line 509, in _handle_exception
    |     self._adapt_connection._handle_exception(error)
    |   File "/Users/kurtkarslioglu/Library/Python/3.9/lib/python/site-packages/sqlalchemy/dialects/postgresql/asyncpg.py", line 797, in _handle_exception
    |     raise translated_error from error
    | sqlalchemy.dialects.postgresql.asyncpg.AsyncAdapt_asyncpg_dbapi.ProgrammingError: <class 'asyncpg.exceptions.UndefinedTableError'>: relation "roxy_memories" does not exist
    | 
    | The above exception was the direct cause of the following exception:
    | 
    | Traceback (most recent call last):
    |   File "/Users/kurtkarslioglu/Library/Python/3.9/lib/python/site-packages/starlette/responses.py", line 257, in wrap
    |     await func()
    |   File "/Users/kurtkarslioglu/Library/Python/3.9/lib/python/site-packages/starlette/responses.py", line 246, in stream_response
    |     async for chunk in self.body_iterator:
    |   File "/Users/kurtkarslioglu/Desktop/PP Gap Analysis/backend/app/api/routes/roxy.py", line 94, in event_stream
    |     async for event in roxy_service.stream_chat(
    |   File "/Users/kurtkarslioglu/Desktop/PP Gap Analysis/backend/app/services/roxy_service.py", line 79, in stream_chat
    |     context_data = await self._build_context(db, opportunity_id)
    |   File "/Users/kurtkarslioglu/Desktop/PP Gap Analysis/backend/app/services/roxy_service.py", line 623, in _build_context
    |     memories = await self._get_memories(db, opportunity_obj.company_id)
    |   File "/Users/kurtkarslioglu/Desktop/PP Gap Analysis/backend/app/services/roxy_service.py", line 951, in _get_memories
    |     result = await db.execute(
    |   File "/Users/kurtkarslioglu/Library/Python/3.9/lib/python/site-packages/sqlalchemy/ext/asyncio/session.py", line 455, in execute
    |     result = await greenlet_spawn(
    |   File "/Users/kurtkarslioglu/Library/Python/3.9/lib/python/site-packages/sqlalchemy/util/_concurrency_py3k.py", line 200, in greenlet_spawn
    |     result = context.throw(*sys.exc_info())
    |   File "/Users/kurtkarslioglu/Library/Python/3.9/lib/python/site-packages/sqlalchemy/orm/session.py", line 2308, in execute
    |     return self._execute_internal(
    |   File "/Users/kurtkarslioglu/Library/Python/3.9/lib/python/site-packages/sqlalchemy/orm/session.py", line 2190, in _execute_internal
    |     result: Result[Any] = compile_state_cls.orm_execute_statement(
    |   File "/Users/kurtkarslioglu/Library/Python/3.9/lib/python/site-packages/sqlalchemy/orm/context.py", line 293, in orm_execute_statement
    |     result = conn.execute(
    |   File "/Users/kurtkarslioglu/Library/Python/3.9/lib/python/site-packages/sqlalchemy/engine/base.py", line 1416, in execute
    |     return meth(
    |   File "/Users/kurtkarslioglu/Library/Python/3.9/lib/python/site-packages/sqlalchemy/sql/elements.py", line 517, in _execute_on_connection
    |     return connection._execute_clauseelement(
    |   File "/Users/kurtkarslioglu/Library/Python/3.9/lib/python/site-packages/sqlalchemy/engine/base.py", line 1639, in _execute_clauseelement
    |     ret = self._execute_context(
    |   File "/Users/kurtkarslioglu/Library/Python/3.9/lib/python/site-packages/sqlalchemy/engine/base.py", line 1848, in _execute_context
    |     return self._exec_single_context(
    |   File "/Users/kurtkarslioglu/Library/Python/3.9/lib/python/site-packages/sqlalchemy/engine/base.py", line 1988, in _exec_single_context
    |     self._handle_dbapi_exception(
    |   File "/Users/kurtkarslioglu/Library/Python/3.9/lib/python/site-packages/sqlalchemy/engine/base.py", line 2344, in _handle_dbapi_exception
    |     raise sqlalchemy_exception.with_traceback(exc_info[2]) from e
    |   File "/Users/kurtkarslioglu/Library/Python/3.9/lib/python/site-packages/sqlalchemy/engine/base.py", line 1969, in _exec_single_context
    |     self.dialect.do_execute(
    |   File "/Users/kurtkarslioglu/Library/Python/3.9/lib/python/site-packages/sqlalchemy/engine/default.py", line 922, in do_execute
    |     cursor.execute(statement, parameters)
    |   File "/Users/kurtkarslioglu/Library/Python/3.9/lib/python/site-packages/sqlalchemy/dialects/postgresql/asyncpg.py", line 580, in execute
    |     self._adapt_connection.await_(
    |   File "/Users/kurtkarslioglu/Library/Python/3.9/lib/python/site-packages/sqlalchemy/util/_concurrency_py3k.py", line 130, in await_only
    |     return current.driver.switch(awaitable)  # type: ignore[no-any-return]
    |   File "/Users/kurtkarslioglu/Library/Python/3.9/lib/python/site-packages/sqlalchemy/util/_concurrency_py3k.py", line 195, in greenlet_spawn
    |     value = await result
    |   File "/Users/kurtkarslioglu/Library/Python/3.9/lib/python/site-packages/sqlalchemy/dialects/postgresql/asyncpg.py", line 558, in _prepare_and_execute
    |     self._handle_exception(error)
    |   File "/Users/kurtkarslioglu/Library/Python/3.9/lib/python/site-packages/sqlalchemy/dialects/postgresql/asyncpg.py", line 509, in _handle_exception
    |     self._adapt_connection._handle_exception(error)
    |   File "/Users/kurtkarslioglu/Library/Python/3.9/lib/python/site-packages/sqlalchemy/dialects/postgresql/asyncpg.py", line 797, in _handle_exception
    |     raise translated_error from error
    | sqlalchemy.exc.ProgrammingError: (sqlalchemy.dialects.postgresql.asyncpg.ProgrammingError) <class 'asyncpg.exceptions.UndefinedTableError'>: relation "roxy_memories" does not exist
    | [SQL: SELECT roxy_memories.id, roxy_memories.company_id, roxy_memories.memory_type, roxy_memories.content, roxy_memories.source, roxy_memories.confidence, roxy_memories.created_at, roxy_memories.updated_at 
    | FROM roxy_memories 
    | WHERE roxy_memories.company_id = $1::UUID ORDER BY roxy_memories.updated_at DESC 
    |  LIMIT $2::INTEGER]
    | [parameters: (UUID('96f87f05-c153-42d5-ad39-547cada8fa4b'), 20)]
    | (Background on this error at: https://sqlalche.me/e/20/f405)
    +------------------------------------
2026-01-27 22:05:49,350 INFO sqlalchemy.engine.Engine BEGIN (implicit)
2026-01-27 22:05:49,350 INFO sqlalchemy.engine.Engine SELECT users.id, users.email, users.name, users.password_hash, users.auth_provider, users.auth_provider_id, users.avatar_url, users.is_active, users.last_login_at, users.created_at, users.updated_at, users.deleted_at 
FROM users 
WHERE users.email = $1::VARCHAR
2026-01-27 22:05:49,351 INFO sqlalchemy.engine.Engine [cached since 375s ago] ('admin@internal.local',)
2026-01-27 22:05:49,524 INFO sqlalchemy.engine.Engine SELECT user_companies.id, user_companies.user_id, user_companies.company_id, user_companies.role, user_companies.is_default, user_companies.created_at, user_companies.updated_at 
FROM user_companies 
WHERE user_companies.user_id = $1::UUID AND user_companies.company_id = $2::UUID
2026-01-27 22:05:49,525 INFO sqlalchemy.engine.Engine [cached since 375s ago] (UUID('64f538a2-4cfd-47a3-be23-9b9062a3565f'), UUID('96f87f05-c153-42d5-ad39-547cada8fa4b'))
2026-01-27 22:05:49,622 INFO sqlalchemy.engine.Engine SELECT opportunities.id 
FROM opportunities 
WHERE opportunities.id = $1::UUID AND opportunities.company_id = $2::UUID
2026-01-27 22:05:49,623 INFO sqlalchemy.engine.Engine [cached since 24.1s ago] (UUID('1c2210ec-1dc9-4796-b50b-77c3243fed61'), UUID('96f87f05-c153-42d5-ad39-547cada8fa4b'))
2026-01-27 22:05:49,705 INFO sqlalchemy.engine.Engine SELECT roxy_sessions.id, roxy_sessions.opportunity_id, roxy_sessions.created_at, roxy_sessions.updated_at 
FROM roxy_sessions 
WHERE roxy_sessions.opportunity_id = $1::UUID
2026-01-27 22:05:49,705 INFO sqlalchemy.engine.Engine [cached since 23.57s ago] (UUID('1c2210ec-1dc9-4796-b50b-77c3243fed61'),)
2026-01-27 22:05:49,792 INFO sqlalchemy.engine.Engine INSERT INTO roxy_messages (id, session_id, role, content, citations, tool_used, created_at) VALUES ($1::UUID, $2::UUID, $3::VARCHAR, $4::VARCHAR, $5::JSONB, $6::VARCHAR, $7::TIMESTAMP WITHOUT TIME ZONE)
2026-01-27 22:05:49,793 INFO sqlalchemy.engine.Engine [cached since 23.57s ago] (UUID('7fe9d8d8-783e-44d8-99fd-5183d84ef94c'), UUID('06d56ae0-7461-41bc-abcb-8b6b2d4b54db'), 'user', 'What certifications are required?', '[]', None, datetime.datetime(2026, 1, 28, 3, 5, 49, 792636))
2026-01-27 22:05:50,763 INFO sqlalchemy.engine.Engine COMMIT
INFO:     127.0.0.1:49387 - "POST /api/roxy/chat?org_id=96f87f05-c153-42d5-ad39-547cada8fa4b HTTP/1.1" 200 OK
2026-01-27 22:05:50,803 INFO sqlalchemy.engine.Engine BEGIN (implicit)
2026-01-27 22:05:50,803 INFO sqlalchemy.engine.Engine SELECT opportunities.id, opportunities.company_id, opportunities.solicitation_number, opportunities.title, opportunities.agency, opportunities.sub_agency, opportunities.contracting_office, opportunities.naics_code, opportunities.psc_code, opportunities.estimated_value, opportunities.set_aside_type, opportunities.contract_type, opportunities.response_due_date, opportunities.questions_due_date, opportunities.award_date, opportunities.status, opportunities.source_url, opportunities.notes, opportunities.pipeline_stage, opportunities.is_hidden, opportunities.hidden_at, opportunities.hidden_reason, opportunities.is_no_bid, opportunities.no_bid_reason, opportunities.is_favorite, opportunities.created_by, opportunities.created_at, opportunities.updated_at, opportunities.deleted_at 
FROM opportunities 
WHERE opportunities.id = $1::UUID
2026-01-27 22:05:50,803 INFO sqlalchemy.engine.Engine [cached since 25.2s ago] (UUID('1c2210ec-1dc9-4796-b50b-77c3243fed61'),)
2026-01-27 22:05:51,014 INFO sqlalchemy.engine.Engine SELECT companies.id, companies.name, companies.cage_code, companies.uei, companies.duns, companies.primary_naics, companies.size_standard, companies.address_line1, companies.address_line2, companies.city, companies.state, companies.zip_code, companies.country, companies.website, companies.linkedin_url, companies.employee_count, companies.founded_year, companies.description, companies.business_size, companies.certifications, companies.certification_details, companies.gsa_schedules, companies.contract_vehicles, companies.primary_naic_code, companies.service_areas, companies.facility_clearance, companies.geographic_coverage, companies.annual_revenue, companies.bonding_capacity, companies.teaming_partners, companies.typical_role, companies.settings, companies.created_at, companies.updated_at, companies.deleted_at 
FROM companies 
WHERE companies.id = $1::UUID
2026-01-27 22:05:51,014 INFO sqlalchemy.engine.Engine [cached since 376.4s ago] (UUID('96f87f05-c153-42d5-ad39-547cada8fa4b'),)
2026-01-27 22:05:51,300 INFO sqlalchemy.engine.Engine SELECT documents.id, documents.company_id, documents.document_type, documents.filename, documents.file_path, documents.file_size_bytes, documents.mime_type, documents.contract_number, documents.contract_title, documents.customer_agency, documents.customer_command, documents.customer_office, documents.contract_value, documents.contract_type, documents.period_of_performance_start, documents.period_of_performance_end, documents.naics_code, documents.psc_code, documents.clearance_level, documents.fte_count, documents.geographic_scope, documents.locations, documents.cpars_quality_rating, documents.cpars_schedule_rating, documents.cpars_cost_rating, documents.cpars_management_rating, documents.cpars_overall_rating, documents.raw_text, documents.parsed_content, documents.embedding, documents.processing_status, documents.processing_error, documents.processed_at, documents.tags, documents.notes, documents.created_by, documents.created_at, documents.updated_at, documents.deleted_at 
FROM documents 
WHERE documents.company_id = $1::UUID
2026-01-27 22:05:51,300 INFO sqlalchemy.engine.Engine [cached since 24.81s ago] (UUID('96f87f05-c153-42d5-ad39-547cada8fa4b'),)
2026-01-27 22:05:51,502 INFO sqlalchemy.engine.Engine SELECT opportunity_documents.id, opportunity_documents.opportunity_id, opportunity_documents.document_type, opportunity_documents.filename, opportunity_documents.file_path, opportunity_documents.file_size_bytes, opportunity_documents.mime_type, opportunity_documents.raw_text, opportunity_documents.parsed_requirements, opportunity_documents.embedding, opportunity_documents.processing_status, opportunity_documents.processing_error, opportunity_documents.processed_at, opportunity_documents.created_at, opportunity_documents.updated_at 
FROM opportunity_documents 
WHERE opportunity_documents.opportunity_id = $1::UUID
2026-01-27 22:05:51,502 INFO sqlalchemy.engine.Engine [cached since 24.86s ago] (UUID('1c2210ec-1dc9-4796-b50b-77c3243fed61'),)
2026-01-27 22:05:51,595 INFO sqlalchemy.engine.Engine SELECT analyses.id, analyses.company_id, analyses.opportunity_id, analyses.overall_relevance_score, analyses.scope_score, analyses.magnitude_score, analyses.complexity_score, analyses.recency_score, analyses.strengths, analyses.weaknesses, analyses.recommendations, analyses.gap_matrix, analyses.document_assessments, analyses.documents_analyzed, analyses.agent_confidence, analyses.go_no_go_recommendation, analyses.go_no_go_reasoning, analyses.requirements_matrix, analyses.requirements_summary, analyses.contract_assessments, analyses.red_flags, analyses.evaluator_perspective, analyses.overall_relevance_label, analyses.dimensional_scores, analyses.company_compliance, analyses.document_analysis, analyses.analysis_notes, analyses.user_notes, analyses.raw_llm_response, analyses.processing_time_seconds, analyses.tokens_used, analyses.model_version, analyses.created_by, analyses.created_at, analyses.updated_at, analyses.deleted_at 
FROM analyses 
WHERE analyses.opportunity_id = $1::UUID ORDER BY analyses.created_at DESC
2026-01-27 22:05:51,595 INFO sqlalchemy.engine.Engine [cached since 24.85s ago] (UUID('1c2210ec-1dc9-4796-b50b-77c3243fed61'),)
2026-01-27 22:05:51,766 INFO sqlalchemy.engine.Engine SELECT roxy_memories.id, roxy_memories.company_id, roxy_memories.memory_type, roxy_memories.content, roxy_memories.source, roxy_memories.confidence, roxy_memories.created_at, roxy_memories.updated_at 
FROM roxy_memories 
WHERE roxy_memories.company_id = $1::UUID ORDER BY roxy_memories.updated_at DESC 
 LIMIT $2::INTEGER
2026-01-27 22:05:51,766 INFO sqlalchemy.engine.Engine [cached since 24.93s ago] (UUID('96f87f05-c153-42d5-ad39-547cada8fa4b'), 20)
ERROR:    Exception in ASGI application
  + Exception Group Traceback (most recent call last):
  |   File "/Users/kurtkarslioglu/Library/Python/3.9/lib/python/site-packages/uvicorn/protocols/http/httptools_impl.py", line 419, in run_asgi
  |     result = await app(  # type: ignore[func-returns-value]
  |   File "/Users/kurtkarslioglu/Library/Python/3.9/lib/python/site-packages/uvicorn/middleware/proxy_headers.py", line 84, in __call__
  |     return await self.app(scope, receive, send)
  |   File "/Users/kurtkarslioglu/Library/Python/3.9/lib/python/site-packages/fastapi/applications.py", line 1054, in __call__
  |     await super().__call__(scope, receive, send)
  |   File "/Users/kurtkarslioglu/Library/Python/3.9/lib/python/site-packages/starlette/applications.py", line 123, in __call__
  |     await self.middleware_stack(scope, receive, send)
  |   File "/Users/kurtkarslioglu/Library/Python/3.9/lib/python/site-packages/starlette/middleware/errors.py", line 186, in __call__
  |     raise exc
  |   File "/Users/kurtkarslioglu/Library/Python/3.9/lib/python/site-packages/starlette/middleware/errors.py", line 164, in __call__
  |     await self.app(scope, receive, _send)
  |   File "/Users/kurtkarslioglu/Library/Python/3.9/lib/python/site-packages/starlette/middleware/cors.py", line 83, in __call__
  |     await self.app(scope, receive, send)
  |   File "/Users/kurtkarslioglu/Library/Python/3.9/lib/python/site-packages/starlette/middleware/exceptions.py", line 62, in __call__
  |     await wrap_app_handling_exceptions(self.app, conn)(scope, receive, send)
  |   File "/Users/kurtkarslioglu/Library/Python/3.9/lib/python/site-packages/starlette/_exception_handler.py", line 64, in wrapped_app
  |     raise exc
  |   File "/Users/kurtkarslioglu/Library/Python/3.9/lib/python/site-packages/starlette/_exception_handler.py", line 53, in wrapped_app
  |     await app(scope, receive, sender)
  |   File "/Users/kurtkarslioglu/Library/Python/3.9/lib/python/site-packages/starlette/routing.py", line 762, in __call__
  |     await self.middleware_stack(scope, receive, send)
  |   File "/Users/kurtkarslioglu/Library/Python/3.9/lib/python/site-packages/starlette/routing.py", line 782, in app
  |     await route.handle(scope, receive, send)
  |   File "/Users/kurtkarslioglu/Library/Python/3.9/lib/python/site-packages/starlette/routing.py", line 297, in handle
  |     await self.app(scope, receive, send)
  |   File "/Users/kurtkarslioglu/Library/Python/3.9/lib/python/site-packages/starlette/routing.py", line 77, in app
  |     await wrap_app_handling_exceptions(app, request)(scope, receive, send)
  |   File "/Users/kurtkarslioglu/Library/Python/3.9/lib/python/site-packages/starlette/_exception_handler.py", line 64, in wrapped_app
  |     raise exc
  |   File "/Users/kurtkarslioglu/Library/Python/3.9/lib/python/site-packages/starlette/_exception_handler.py", line 53, in wrapped_app
  |     await app(scope, receive, sender)
  |   File "/Users/kurtkarslioglu/Library/Python/3.9/lib/python/site-packages/starlette/routing.py", line 75, in app
  |     await response(scope, receive, send)
  |   File "/Users/kurtkarslioglu/Library/Python/3.9/lib/python/site-packages/starlette/responses.py", line 261, in __call__
  |     await wrap(partial(self.listen_for_disconnect, receive))
  |   File "/Users/kurtkarslioglu/Library/Python/3.9/lib/python/site-packages/anyio/_backends/_asyncio.py", line 783, in __aexit__
  |     raise BaseExceptionGroup(
  | exceptiongroup.ExceptionGroup: unhandled errors in a TaskGroup (1 sub-exception)
  +-+---------------- 1 ----------------
    | Traceback (most recent call last):
    |   File "/Users/kurtkarslioglu/Library/Python/3.9/lib/python/site-packages/sqlalchemy/dialects/postgresql/asyncpg.py", line 522, in _prepare_and_execute
    |     prepared_stmt, attributes = await adapt_connection._prepare(
    |   File "/Users/kurtkarslioglu/Library/Python/3.9/lib/python/site-packages/sqlalchemy/dialects/postgresql/asyncpg.py", line 773, in _prepare
    |     prepared_stmt = await self._connection.prepare(
    |   File "/Users/kurtkarslioglu/Library/Python/3.9/lib/python/site-packages/asyncpg/connection.py", line 636, in prepare
    |     return await self._prepare(
    |   File "/Users/kurtkarslioglu/Library/Python/3.9/lib/python/site-packages/asyncpg/connection.py", line 654, in _prepare
    |     stmt = await self._get_statement(
    |   File "/Users/kurtkarslioglu/Library/Python/3.9/lib/python/site-packages/asyncpg/connection.py", line 433, in _get_statement
    |     statement = await self._protocol.prepare(
    |   File "asyncpg/protocol/protocol.pyx", line 166, in prepare
    | asyncpg.exceptions.UndefinedTableError: relation "roxy_memories" does not exist
    | 
    | The above exception was the direct cause of the following exception:
    | 
    | Traceback (most recent call last):
    |   File "/Users/kurtkarslioglu/Library/Python/3.9/lib/python/site-packages/sqlalchemy/engine/base.py", line 1969, in _exec_single_context
    |     self.dialect.do_execute(
    |   File "/Users/kurtkarslioglu/Library/Python/3.9/lib/python/site-packages/sqlalchemy/engine/default.py", line 922, in do_execute
    |     cursor.execute(statement, parameters)
    |   File "/Users/kurtkarslioglu/Library/Python/3.9/lib/python/site-packages/sqlalchemy/dialects/postgresql/asyncpg.py", line 580, in execute
    |     self._adapt_connection.await_(
    |   File "/Users/kurtkarslioglu/Library/Python/3.9/lib/python/site-packages/sqlalchemy/util/_concurrency_py3k.py", line 130, in await_only
    |     return current.driver.switch(awaitable)  # type: ignore[no-any-return]
    |   File "/Users/kurtkarslioglu/Library/Python/3.9/lib/python/site-packages/sqlalchemy/util/_concurrency_py3k.py", line 195, in greenlet_spawn
    |     value = await result
    |   File "/Users/kurtkarslioglu/Library/Python/3.9/lib/python/site-packages/sqlalchemy/dialects/postgresql/asyncpg.py", line 558, in _prepare_and_execute
    |     self._handle_exception(error)
    |   File "/Users/kurtkarslioglu/Library/Python/3.9/lib/python/site-packages/sqlalchemy/dialects/postgresql/asyncpg.py", line 509, in _handle_exception
    |     self._adapt_connection._handle_exception(error)
    |   File "/Users/kurtkarslioglu/Library/Python/3.9/lib/python/site-packages/sqlalchemy/dialects/postgresql/asyncpg.py", line 797, in _handle_exception
    |     raise translated_error from error
    | sqlalchemy.dialects.postgresql.asyncpg.AsyncAdapt_asyncpg_dbapi.ProgrammingError: <class 'asyncpg.exceptions.UndefinedTableError'>: relation "roxy_memories" does not exist
    | 
    | The above exception was the direct cause of the following exception:
    | 
    | Traceback (most recent call last):
    |   File "/Users/kurtkarslioglu/Library/Python/3.9/lib/python/site-packages/starlette/responses.py", line 257, in wrap
    |     await func()
    |   File "/Users/kurtkarslioglu/Library/Python/3.9/lib/python/site-packages/starlette/responses.py", line 246, in stream_response
    |     async for chunk in self.body_iterator:
    |   File "/Users/kurtkarslioglu/Desktop/PP Gap Analysis/backend/app/api/routes/roxy.py", line 94, in event_stream
    |     async for event in roxy_service.stream_chat(
    |   File "/Users/kurtkarslioglu/Desktop/PP Gap Analysis/backend/app/services/roxy_service.py", line 79, in stream_chat
    |     context_data = await self._build_context(db, opportunity_id)
    |   File "/Users/kurtkarslioglu/Desktop/PP Gap Analysis/backend/app/services/roxy_service.py", line 623, in _build_context
    |     memories = await self._get_memories(db, opportunity_obj.company_id)
    |   File "/Users/kurtkarslioglu/Desktop/PP Gap Analysis/backend/app/services/roxy_service.py", line 951, in _get_memories
    |     result = await db.execute(
    |   File "/Users/kurtkarslioglu/Library/Python/3.9/lib/python/site-packages/sqlalchemy/ext/asyncio/session.py", line 455, in execute
    |     result = await greenlet_spawn(
    |   File "/Users/kurtkarslioglu/Library/Python/3.9/lib/python/site-packages/sqlalchemy/util/_concurrency_py3k.py", line 200, in greenlet_spawn
    |     result = context.throw(*sys.exc_info())
    |   File "/Users/kurtkarslioglu/Library/Python/3.9/lib/python/site-packages/sqlalchemy/orm/session.py", line 2308, in execute
    |     return self._execute_internal(
    |   File "/Users/kurtkarslioglu/Library/Python/3.9/lib/python/site-packages/sqlalchemy/orm/session.py", line 2190, in _execute_internal
    |     result: Result[Any] = compile_state_cls.orm_execute_statement(
    |   File "/Users/kurtkarslioglu/Library/Python/3.9/lib/python/site-packages/sqlalchemy/orm/context.py", line 293, in orm_execute_statement
    |     result = conn.execute(
    |   File "/Users/kurtkarslioglu/Library/Python/3.9/lib/python/site-packages/sqlalchemy/engine/base.py", line 1416, in execute
    |     return meth(
    |   File "/Users/kurtkarslioglu/Library/Python/3.9/lib/python/site-packages/sqlalchemy/sql/elements.py", line 517, in _execute_on_connection
    |     return connection._execute_clauseelement(
    |   File "/Users/kurtkarslioglu/Library/Python/3.9/lib/python/site-packages/sqlalchemy/engine/base.py", line 1639, in _execute_clauseelement
    |     ret = self._execute_context(
    |   File "/Users/kurtkarslioglu/Library/Python/3.9/lib/python/site-packages/sqlalchemy/engine/base.py", line 1848, in _execute_context
    |     return self._exec_single_context(
    |   File "/Users/kurtkarslioglu/Library/Python/3.9/lib/python/site-packages/sqlalchemy/engine/base.py", line 1988, in _exec_single_context
    |     self._handle_dbapi_exception(
    |   File "/Users/kurtkarslioglu/Library/Python/3.9/lib/python/site-packages/sqlalchemy/engine/base.py", line 2344, in _handle_dbapi_exception
    |     raise sqlalchemy_exception.with_traceback(exc_info[2]) from e
    |   File "/Users/kurtkarslioglu/Library/Python/3.9/lib/python/site-packages/sqlalchemy/engine/base.py", line 1969, in _exec_single_context
    |     self.dialect.do_execute(
    |   File "/Users/kurtkarslioglu/Library/Python/3.9/lib/python/site-packages/sqlalchemy/engine/default.py", line 922, in do_execute
    |     cursor.execute(statement, parameters)
    |   File "/Users/kurtkarslioglu/Library/Python/3.9/lib/python/site-packages/sqlalchemy/dialects/postgresql/asyncpg.py", line 580, in execute
    |     self._adapt_connection.await_(
    |   File "/Users/kurtkarslioglu/Library/Python/3.9/lib/python/site-packages/sqlalchemy/util/_concurrency_py3k.py", line 130, in await_only
    |     return current.driver.switch(awaitable)  # type: ignore[no-any-return]
    |   File "/Users/kurtkarslioglu/Library/Python/3.9/lib/python/site-packages/sqlalchemy/util/_concurrency_py3k.py", line 195, in greenlet_spawn
    |     value = await result
    |   File "/Users/kurtkarslioglu/Library/Python/3.9/lib/python/site-packages/sqlalchemy/dialects/postgresql/asyncpg.py", line 558, in _prepare_and_execute
    |     self._handle_exception(error)
    |   File "/Users/kurtkarslioglu/Library/Python/3.9/lib/python/site-packages/sqlalchemy/dialects/postgresql/asyncpg.py", line 509, in _handle_exception
    |     self._adapt_connection._handle_exception(error)
    |   File "/Users/kurtkarslioglu/Library/Python/3.9/lib/python/site-packages/sqlalchemy/dialects/postgresql/asyncpg.py", line 797, in _handle_exception
    |     raise translated_error from error
    | sqlalchemy.exc.ProgrammingError: (sqlalchemy.dialects.postgresql.asyncpg.ProgrammingError) <class 'asyncpg.exceptions.UndefinedTableError'>: relation "roxy_memories" does not exist
    | [SQL: SELECT roxy_memories.id, roxy_memories.company_id, roxy_memories.memory_type, roxy_memories.content, roxy_memories.source, roxy_memories.confidence, roxy_memories.created_at, roxy_memories.updated_at 
    | FROM roxy_memories 
    | WHERE roxy_memories.company_id = $1::UUID ORDER BY roxy_memories.updated_at DESC 
    |  LIMIT $2::INTEGER]
    | [parameters: (UUID('96f87f05-c153-42d5-ad39-547cada8fa4b'), 20)]
    | (Background on this error at: https://sqlalche.me/e/20/f405)
    +------------------------------------
2026-01-27 22:06:00,277 INFO sqlalchemy.engine.Engine BEGIN (implicit)
2026-01-27 22:06:00,278 INFO sqlalchemy.engine.Engine SELECT users.id, users.email, users.name, users.password_hash, users.auth_provider, users.auth_provider_id, users.avatar_url, users.is_active, users.last_login_at, users.created_at, users.updated_at, users.deleted_at 
FROM users 
WHERE users.email = $1::VARCHAR
2026-01-27 22:06:00,278 INFO sqlalchemy.engine.Engine [cached since 385.9s ago] ('admin@internal.local',)
2026-01-27 22:06:00,485 INFO sqlalchemy.engine.Engine SELECT user_companies.id, user_companies.user_id, user_companies.company_id, user_companies.role, user_companies.is_default, user_companies.created_at, user_companies.updated_at 
FROM user_companies 
WHERE user_companies.user_id = $1::UUID AND user_companies.company_id = $2::UUID
2026-01-27 22:06:00,486 INFO sqlalchemy.engine.Engine [cached since 385.9s ago] (UUID('64f538a2-4cfd-47a3-be23-9b9062a3565f'), UUID('96f87f05-c153-42d5-ad39-547cada8fa4b'))
2026-01-27 22:06:01,778 INFO sqlalchemy.engine.Engine SELECT opportunities.id 
FROM opportunities 
WHERE opportunities.id = $1::UUID AND opportunities.company_id = $2::UUID
2026-01-27 22:06:01,778 INFO sqlalchemy.engine.Engine [cached since 36.26s ago] (UUID('1c2210ec-1dc9-4796-b50b-77c3243fed61'), UUID('96f87f05-c153-42d5-ad39-547cada8fa4b'))
2026-01-27 22:06:01,862 INFO sqlalchemy.engine.Engine SELECT roxy_sessions.id, roxy_sessions.opportunity_id, roxy_sessions.created_at, roxy_sessions.updated_at 
FROM roxy_sessions 
WHERE roxy_sessions.opportunity_id = $1::UUID
2026-01-27 22:06:01,862 INFO sqlalchemy.engine.Engine [cached since 35.73s ago] (UUID('1c2210ec-1dc9-4796-b50b-77c3243fed61'),)
2026-01-27 22:06:01,949 INFO sqlalchemy.engine.Engine INSERT INTO roxy_messages (id, session_id, role, content, citations, tool_used, created_at) VALUES ($1::UUID, $2::UUID, $3::VARCHAR, $4::VARCHAR, $5::JSONB, $6::VARCHAR, $7::TIMESTAMP WITHOUT TIME ZONE)
2026-01-27 22:06:01,949 INFO sqlalchemy.engine.Engine [cached since 35.72s ago] (UUID('72c961c0-c4fc-499f-bac9-3d5726e05188'), UUID('06d56ae0-7461-41bc-abcb-8b6b2d4b54db'), 'user', 'What certifications are required?', '[]', None, datetime.datetime(2026, 1, 28, 3, 6, 1, 949064))
2026-01-27 22:06:02,033 INFO sqlalchemy.engine.Engine COMMIT
INFO:     127.0.0.1:49390 - "POST /api/roxy/chat?org_id=96f87f05-c153-42d5-ad39-547cada8fa4b HTTP/1.1" 200 OK
2026-01-27 22:06:02,077 INFO sqlalchemy.engine.Engine BEGIN (implicit)
2026-01-27 22:06:02,077 INFO sqlalchemy.engine.Engine SELECT opportunities.id, opportunities.company_id, opportunities.solicitation_number, opportunities.title, opportunities.agency, opportunities.sub_agency, opportunities.contracting_office, opportunities.naics_code, opportunities.psc_code, opportunities.estimated_value, opportunities.set_aside_type, opportunities.contract_type, opportunities.response_due_date, opportunities.questions_due_date, opportunities.award_date, opportunities.status, opportunities.source_url, opportunities.notes, opportunities.pipeline_stage, opportunities.is_hidden, opportunities.hidden_at, opportunities.hidden_reason, opportunities.is_no_bid, opportunities.no_bid_reason, opportunities.is_favorite, opportunities.created_by, opportunities.created_at, opportunities.updated_at, opportunities.deleted_at 
FROM opportunities 
WHERE opportunities.id = $1::UUID
2026-01-27 22:06:02,078 INFO sqlalchemy.engine.Engine [cached since 36.48s ago] (UUID('1c2210ec-1dc9-4796-b50b-77c3243fed61'),)
2026-01-27 22:06:02,205 INFO sqlalchemy.engine.Engine SELECT companies.id, companies.name, companies.cage_code, companies.uei, companies.duns, companies.primary_naics, companies.size_standard, companies.address_line1, companies.address_line2, companies.city, companies.state, companies.zip_code, companies.country, companies.website, companies.linkedin_url, companies.employee_count, companies.founded_year, companies.description, companies.business_size, companies.certifications, companies.certification_details, companies.gsa_schedules, companies.contract_vehicles, companies.primary_naic_code, companies.service_areas, companies.facility_clearance, companies.geographic_coverage, companies.annual_revenue, companies.bonding_capacity, companies.teaming_partners, companies.typical_role, companies.settings, companies.created_at, companies.updated_at, companies.deleted_at 
FROM companies 
WHERE companies.id = $1::UUID
2026-01-27 22:06:02,205 INFO sqlalchemy.engine.Engine [cached since 387.6s ago] (UUID('96f87f05-c153-42d5-ad39-547cada8fa4b'),)
2026-01-27 22:06:02,543 INFO sqlalchemy.engine.Engine SELECT documents.id, documents.company_id, documents.document_type, documents.filename, documents.file_path, documents.file_size_bytes, documents.mime_type, documents.contract_number, documents.contract_title, documents.customer_agency, documents.customer_command, documents.customer_office, documents.contract_value, documents.contract_type, documents.period_of_performance_start, documents.period_of_performance_end, documents.naics_code, documents.psc_code, documents.clearance_level, documents.fte_count, documents.geographic_scope, documents.locations, documents.cpars_quality_rating, documents.cpars_schedule_rating, documents.cpars_cost_rating, documents.cpars_management_rating, documents.cpars_overall_rating, documents.raw_text, documents.parsed_content, documents.embedding, documents.processing_status, documents.processing_error, documents.processed_at, documents.tags, documents.notes, documents.created_by, documents.created_at, documents.updated_at, documents.deleted_at 
FROM documents 
WHERE documents.company_id = $1::UUID
2026-01-27 22:06:02,544 INFO sqlalchemy.engine.Engine [cached since 36.05s ago] (UUID('96f87f05-c153-42d5-ad39-547cada8fa4b'),)
2026-01-27 22:06:02,712 INFO sqlalchemy.engine.Engine SELECT opportunity_documents.id, opportunity_documents.opportunity_id, opportunity_documents.document_type, opportunity_documents.filename, opportunity_documents.file_path, opportunity_documents.file_size_bytes, opportunity_documents.mime_type, opportunity_documents.raw_text, opportunity_documents.parsed_requirements, opportunity_documents.embedding, opportunity_documents.processing_status, opportunity_documents.processing_error, opportunity_documents.processed_at, opportunity_documents.created_at, opportunity_documents.updated_at 
FROM opportunity_documents 
WHERE opportunity_documents.opportunity_id = $1::UUID
2026-01-27 22:06:02,712 INFO sqlalchemy.engine.Engine [cached since 36.07s ago] (UUID('1c2210ec-1dc9-4796-b50b-77c3243fed61'),)
2026-01-27 22:06:02,795 INFO sqlalchemy.engine.Engine SELECT analyses.id, analyses.company_id, analyses.opportunity_id, analyses.overall_relevance_score, analyses.scope_score, analyses.magnitude_score, analyses.complexity_score, analyses.recency_score, analyses.strengths, analyses.weaknesses, analyses.recommendations, analyses.gap_matrix, analyses.document_assessments, analyses.documents_analyzed, analyses.agent_confidence, analyses.go_no_go_recommendation, analyses.go_no_go_reasoning, analyses.requirements_matrix, analyses.requirements_summary, analyses.contract_assessments, analyses.red_flags, analyses.evaluator_perspective, analyses.overall_relevance_label, analyses.dimensional_scores, analyses.company_compliance, analyses.document_analysis, analyses.analysis_notes, analyses.user_notes, analyses.raw_llm_response, analyses.processing_time_seconds, analyses.tokens_used, analyses.model_version, analyses.created_by, analyses.created_at, analyses.updated_at, analyses.deleted_at 
FROM analyses 
WHERE analyses.opportunity_id = $1::UUID ORDER BY analyses.created_at DESC
2026-01-27 22:06:02,796 INFO sqlalchemy.engine.Engine [cached since 36.05s ago] (UUID('1c2210ec-1dc9-4796-b50b-77c3243fed61'),)
2026-01-27 22:06:02,965 INFO sqlalchemy.engine.Engine SELECT roxy_memories.id, roxy_memories.company_id, roxy_memories.memory_type, roxy_memories.content, roxy_memories.source, roxy_memories.confidence, roxy_memories.created_at, roxy_memories.updated_at 
FROM roxy_memories 
WHERE roxy_memories.company_id = $1::UUID ORDER BY roxy_memories.updated_at DESC 
 LIMIT $2::INTEGER
2026-01-27 22:06:02,965 INFO sqlalchemy.engine.Engine [cached since 36.13s ago] (UUID('96f87f05-c153-42d5-ad39-547cada8fa4b'), 20)
ERROR:    Exception in ASGI application
  + Exception Group Traceback (most recent call last):
  |   File "/Users/kurtkarslioglu/Library/Python/3.9/lib/python/site-packages/uvicorn/protocols/http/httptools_impl.py", line 419, in run_asgi
  |     result = await app(  # type: ignore[func-returns-value]
  |   File "/Users/kurtkarslioglu/Library/Python/3.9/lib/python/site-packages/uvicorn/middleware/proxy_headers.py", line 84, in __call__
  |     return await self.app(scope, receive, send)
  |   File "/Users/kurtkarslioglu/Library/Python/3.9/lib/python/site-packages/fastapi/applications.py", line 1054, in __call__
  |     await super().__call__(scope, receive, send)
  |   File "/Users/kurtkarslioglu/Library/Python/3.9/lib/python/site-packages/starlette/applications.py", line 123, in __call__
  |     await self.middleware_stack(scope, receive, send)
  |   File "/Users/kurtkarslioglu/Library/Python/3.9/lib/python/site-packages/starlette/middleware/errors.py", line 186, in __call__
  |     raise exc
  |   File "/Users/kurtkarslioglu/Library/Python/3.9/lib/python/site-packages/starlette/middleware/errors.py", line 164, in __call__
  |     await self.app(scope, receive, _send)
  |   File "/Users/kurtkarslioglu/Library/Python/3.9/lib/python/site-packages/starlette/middleware/cors.py", line 83, in __call__
  |     await self.app(scope, receive, send)
  |   File "/Users/kurtkarslioglu/Library/Python/3.9/lib/python/site-packages/starlette/middleware/exceptions.py", line 62, in __call__
  |     await wrap_app_handling_exceptions(self.app, conn)(scope, receive, send)
  |   File "/Users/kurtkarslioglu/Library/Python/3.9/lib/python/site-packages/starlette/_exception_handler.py", line 64, in wrapped_app
  |     raise exc
  |   File "/Users/kurtkarslioglu/Library/Python/3.9/lib/python/site-packages/starlette/_exception_handler.py", line 53, in wrapped_app
  |     await app(scope, receive, sender)
  |   File "/Users/kurtkarslioglu/Library/Python/3.9/lib/python/site-packages/starlette/routing.py", line 762, in __call__
  |     await self.middleware_stack(scope, receive, send)
  |   File "/Users/kurtkarslioglu/Library/Python/3.9/lib/python/site-packages/starlette/routing.py", line 782, in app
  |     await route.handle(scope, receive, send)
  |   File "/Users/kurtkarslioglu/Library/Python/3.9/lib/python/site-packages/starlette/routing.py", line 297, in handle
  |     await self.app(scope, receive, send)
  |   File "/Users/kurtkarslioglu/Library/Python/3.9/lib/python/site-packages/starlette/routing.py", line 77, in app
  |     await wrap_app_handling_exceptions(app, request)(scope, receive, send)
  |   File "/Users/kurtkarslioglu/Library/Python/3.9/lib/python/site-packages/starlette/_exception_handler.py", line 64, in wrapped_app
  |     raise exc
  |   File "/Users/kurtkarslioglu/Library/Python/3.9/lib/python/site-packages/starlette/_exception_handler.py", line 53, in wrapped_app
  |     await app(scope, receive, sender)
  |   File "/Users/kurtkarslioglu/Library/Python/3.9/lib/python/site-packages/starlette/routing.py", line 75, in app
  |     await response(scope, receive, send)
  |   File "/Users/kurtkarslioglu/Library/Python/3.9/lib/python/site-packages/starlette/responses.py", line 261, in __call__
  |     await wrap(partial(self.listen_for_disconnect, receive))
  |   File "/Users/kurtkarslioglu/Library/Python/3.9/lib/python/site-packages/anyio/_backends/_asyncio.py", line 783, in __aexit__
  |     raise BaseExceptionGroup(
  | exceptiongroup.ExceptionGroup: unhandled errors in a TaskGroup (1 sub-exception)
  +-+---------------- 1 ----------------
    | Traceback (most recent call last):
    |   File "/Users/kurtkarslioglu/Library/Python/3.9/lib/python/site-packages/sqlalchemy/dialects/postgresql/asyncpg.py", line 522, in _prepare_and_execute
    |     prepared_stmt, attributes = await adapt_connection._prepare(
    |   File "/Users/kurtkarslioglu/Library/Python/3.9/lib/python/site-packages/sqlalchemy/dialects/postgresql/asyncpg.py", line 773, in _prepare
    |     prepared_stmt = await self._connection.prepare(
    |   File "/Users/kurtkarslioglu/Library/Python/3.9/lib/python/site-packages/asyncpg/connection.py", line 636, in prepare
    |     return await self._prepare(
    |   File "/Users/kurtkarslioglu/Library/Python/3.9/lib/python/site-packages/asyncpg/connection.py", line 654, in _prepare
    |     stmt = await self._get_statement(
    |   File "/Users/kurtkarslioglu/Library/Python/3.9/lib/python/site-packages/asyncpg/connection.py", line 433, in _get_statement
    |     statement = await self._protocol.prepare(
    |   File "asyncpg/protocol/protocol.pyx", line 166, in prepare
    | asyncpg.exceptions.UndefinedTableError: relation "roxy_memories" does not exist
    | 
    | The above exception was the direct cause of the following exception:
    | 
    | Traceback (most recent call last):
    |   File "/Users/kurtkarslioglu/Library/Python/3.9/lib/python/site-packages/sqlalchemy/engine/base.py", line 1969, in _exec_single_context
    |     self.dialect.do_execute(
    |   File "/Users/kurtkarslioglu/Library/Python/3.9/lib/python/site-packages/sqlalchemy/engine/default.py", line 922, in do_execute
    |     cursor.execute(statement, parameters)
    |   File "/Users/kurtkarslioglu/Library/Python/3.9/lib/python/site-packages/sqlalchemy/dialects/postgresql/asyncpg.py", line 580, in execute
    |     self._adapt_connection.await_(
    |   File "/Users/kurtkarslioglu/Library/Python/3.9/lib/python/site-packages/sqlalchemy/util/_concurrency_py3k.py", line 130, in await_only
    |     return current.driver.switch(awaitable)  # type: ignore[no-any-return]
    |   File "/Users/kurtkarslioglu/Library/Python/3.9/lib/python/site-packages/sqlalchemy/util/_concurrency_py3k.py", line 195, in greenlet_spawn
    |     value = await result
    |   File "/Users/kurtkarslioglu/Library/Python/3.9/lib/python/site-packages/sqlalchemy/dialects/postgresql/asyncpg.py", line 558, in _prepare_and_execute
    |     self._handle_exception(error)
    |   File "/Users/kurtkarslioglu/Library/Python/3.9/lib/python/site-packages/sqlalchemy/dialects/postgresql/asyncpg.py", line 509, in _handle_exception
    |     self._adapt_connection._handle_exception(error)
    |   File "/Users/kurtkarslioglu/Library/Python/3.9/lib/python/site-packages/sqlalchemy/dialects/postgresql/asyncpg.py", line 797, in _handle_exception
    |     raise translated_error from error
    | sqlalchemy.dialects.postgresql.asyncpg.AsyncAdapt_asyncpg_dbapi.ProgrammingError: <class 'asyncpg.exceptions.UndefinedTableError'>: relation "roxy_memories" does not exist
    | 
    | The above exception was the direct cause of the following exception:
    | 
    | Traceback (most recent call last):
    |   File "/Users/kurtkarslioglu/Library/Python/3.9/lib/python/site-packages/starlette/responses.py", line 257, in wrap
    |     await func()
    |   File "/Users/kurtkarslioglu/Library/Python/3.9/lib/python/site-packages/starlette/responses.py", line 246, in stream_response
    |     async for chunk in self.body_iterator:
    |   File "/Users/kurtkarslioglu/Desktop/PP Gap Analysis/backend/app/api/routes/roxy.py", line 94, in event_stream
    |     async for event in roxy_service.stream_chat(
    |   File "/Users/kurtkarslioglu/Desktop/PP Gap Analysis/backend/app/services/roxy_service.py", line 79, in stream_chat
    |     context_data = await self._build_context(db, opportunity_id)
    |   File "/Users/kurtkarslioglu/Desktop/PP Gap Analysis/backend/app/services/roxy_service.py", line 623, in _build_context
    |     memories = await self._get_memories(db, opportunity_obj.company_id)
    |   File "/Users/kurtkarslioglu/Desktop/PP Gap Analysis/backend/app/services/roxy_service.py", line 951, in _get_memories
    |     result = await db.execute(
    |   File "/Users/kurtkarslioglu/Library/Python/3.9/lib/python/site-packages/sqlalchemy/ext/asyncio/session.py", line 455, in execute
    |     result = await greenlet_spawn(
    |   File "/Users/kurtkarslioglu/Library/Python/3.9/lib/python/site-packages/sqlalchemy/util/_concurrency_py3k.py", line 200, in greenlet_spawn
    |     result = context.throw(*sys.exc_info())
    |   File "/Users/kurtkarslioglu/Library/Python/3.9/lib/python/site-packages/sqlalchemy/orm/session.py", line 2308, in execute
    |     return self._execute_internal(
    |   File "/Users/kurtkarslioglu/Library/Python/3.9/lib/python/site-packages/sqlalchemy/orm/session.py", line 2190, in _execute_internal
    |     result: Result[Any] = compile_state_cls.orm_execute_statement(
    |   File "/Users/kurtkarslioglu/Library/Python/3.9/lib/python/site-packages/sqlalchemy/orm/context.py", line 293, in orm_execute_statement
    |     result = conn.execute(
    |   File "/Users/kurtkarslioglu/Library/Python/3.9/lib/python/site-packages/sqlalchemy/engine/base.py", line 1416, in execute
    |     return meth(
    |   File "/Users/kurtkarslioglu/Library/Python/3.9/lib/python/site-packages/sqlalchemy/sql/elements.py", line 517, in _execute_on_connection
    |     return connection._execute_clauseelement(
    |   File "/Users/kurtkarslioglu/Library/Python/3.9/lib/python/site-packages/sqlalchemy/engine/base.py", line 1639, in _execute_clauseelement
    |     ret = self._execute_context(
    |   File "/Users/kurtkarslioglu/Library/Python/3.9/lib/python/site-packages/sqlalchemy/engine/base.py", line 1848, in _execute_context
    |     return self._exec_single_context(
    |   File "/Users/kurtkarslioglu/Library/Python/3.9/lib/python/site-packages/sqlalchemy/engine/base.py", line 1988, in _exec_single_context
    |     self._handle_dbapi_exception(
    |   File "/Users/kurtkarslioglu/Library/Python/3.9/lib/python/site-packages/sqlalchemy/engine/base.py", line 2344, in _handle_dbapi_exception
    |     raise sqlalchemy_exception.with_traceback(exc_info[2]) from e
    |   File "/Users/kurtkarslioglu/Library/Python/3.9/lib/python/site-packages/sqlalchemy/engine/base.py", line 1969, in _exec_single_context
    |     self.dialect.do_execute(
    |   File "/Users/kurtkarslioglu/Library/Python/3.9/lib/python/site-packages/sqlalchemy/engine/default.py", line 922, in do_execute
    |     cursor.execute(statement, parameters)
    |   File "/Users/kurtkarslioglu/Library/Python/3.9/lib/python/site-packages/sqlalchemy/dialects/postgresql/asyncpg.py", line 580, in execute
    |     self._adapt_connection.await_(
    |   File "/Users/kurtkarslioglu/Library/Python/3.9/lib/python/site-packages/sqlalchemy/util/_concurrency_py3k.py", line 130, in await_only
    |     return current.driver.switch(awaitable)  # type: ignore[no-any-return]
    |   File "/Users/kurtkarslioglu/Library/Python/3.9/lib/python/site-packages/sqlalchemy/util/_concurrency_py3k.py", line 195, in greenlet_spawn
    |     value = await result
    |   File "/Users/kurtkarslioglu/Library/Python/3.9/lib/python/site-packages/sqlalchemy/dialects/postgresql/asyncpg.py", line 558, in _prepare_and_execute
    |     self._handle_exception(error)
    |   File "/Users/kurtkarslioglu/Library/Python/3.9/lib/python/site-packages/sqlalchemy/dialects/postgresql/asyncpg.py", line 509, in _handle_exception
    |     self._adapt_connection._handle_exception(error)
    |   File "/Users/kurtkarslioglu/Library/Python/3.9/lib/python/site-packages/sqlalchemy/dialects/postgresql/asyncpg.py", line 797, in _handle_exception
    |     raise translated_error from error
    | sqlalchemy.exc.ProgrammingError: (sqlalchemy.dialects.postgresql.asyncpg.ProgrammingError) <class 'asyncpg.exceptions.UndefinedTableError'>: relation "roxy_memories" does not exist
    | [SQL: SELECT roxy_memories.id, roxy_memories.company_id, roxy_memories.memory_type, roxy_memories.content, roxy_memories.source, roxy_memories.confidence, roxy_memories.created_at, roxy_memories.updated_at 
    | FROM roxy_memories 
    | WHERE roxy_memories.company_id = $1::UUID ORDER BY roxy_memories.updated_at DESC 
    |  LIMIT $2::INTEGER]
    | [parameters: (UUID('96f87f05-c153-42d5-ad39-547cada8fa4b'), 20)]
    | (Background on this error at: https://sqlalche.me/e/20/f405)
    +------------------------------------
2026-01-27 22:06:14,889 INFO sqlalchemy.engine.Engine BEGIN (implicit)
2026-01-27 22:06:14,890 INFO sqlalchemy.engine.Engine SELECT users.id, users.email, users.name, users.password_hash, users.auth_provider, users.auth_provider_id, users.avatar_url, users.is_active, users.last_login_at, users.created_at, users.updated_at, users.deleted_at 
FROM users 
WHERE users.email = $1::VARCHAR
2026-01-27 22:06:14,890 INFO sqlalchemy.engine.Engine [cached since 400.5s ago] ('admin@internal.local',)
2026-01-27 22:06:15,052 INFO sqlalchemy.engine.Engine SELECT user_companies.id, user_companies.user_id, user_companies.company_id, user_companies.role, user_companies.is_default, user_companies.created_at, user_companies.updated_at 
FROM user_companies 
WHERE user_companies.user_id = $1::UUID AND user_companies.company_id = $2::UUID
2026-01-27 22:06:15,052 INFO sqlalchemy.engine.Engine [cached since 400.5s ago] (UUID('64f538a2-4cfd-47a3-be23-9b9062a3565f'), UUID('96f87f05-c153-42d5-ad39-547cada8fa4b'))
2026-01-27 22:06:15,142 INFO sqlalchemy.engine.Engine SELECT opportunities.id 
FROM opportunities 
WHERE opportunities.id = $1::UUID AND opportunities.company_id = $2::UUID
2026-01-27 22:06:15,142 INFO sqlalchemy.engine.Engine [cached since 49.62s ago] (UUID('1c2210ec-1dc9-4796-b50b-77c3243fed61'), UUID('96f87f05-c153-42d5-ad39-547cada8fa4b'))
2026-01-27 22:06:15,223 INFO sqlalchemy.engine.Engine SELECT roxy_sessions.id, roxy_sessions.opportunity_id, roxy_sessions.created_at, roxy_sessions.updated_at 
FROM roxy_sessions 
WHERE roxy_sessions.opportunity_id = $1::UUID
2026-01-27 22:06:15,224 INFO sqlalchemy.engine.Engine [cached since 49.09s ago] (UUID('1c2210ec-1dc9-4796-b50b-77c3243fed61'),)
2026-01-27 22:06:15,317 INFO sqlalchemy.engine.Engine INSERT INTO roxy_messages (id, session_id, role, content, citations, tool_used, created_at) VALUES ($1::UUID, $2::UUID, $3::VARCHAR, $4::VARCHAR, $5::JSONB, $6::VARCHAR, $7::TIMESTAMP WITHOUT TIME ZONE)
2026-01-27 22:06:15,317 INFO sqlalchemy.engine.Engine [cached since 49.09s ago] (UUID('04cdef05-ff65-4418-a985-e6e2d1fa2af2'), UUID('06d56ae0-7461-41bc-abcb-8b6b2d4b54db'), 'user', 'What certifications are required?', '[]', None, datetime.datetime(2026, 1, 28, 3, 6, 15, 317584))
2026-01-27 22:06:15,435 INFO sqlalchemy.engine.Engine COMMIT
INFO:     127.0.0.1:49394 - "POST /api/roxy/chat?org_id=96f87f05-c153-42d5-ad39-547cada8fa4b HTTP/1.1" 200 OK
2026-01-27 22:06:15,477 INFO sqlalchemy.engine.Engine BEGIN (implicit)
2026-01-27 22:06:15,478 INFO sqlalchemy.engine.Engine SELECT opportunities.id, opportunities.company_id, opportunities.solicitation_number, opportunities.title, opportunities.agency, opportunities.sub_agency, opportunities.contracting_office, opportunities.naics_code, opportunities.psc_code, opportunities.estimated_value, opportunities.set_aside_type, opportunities.contract_type, opportunities.response_due_date, opportunities.questions_due_date, opportunities.award_date, opportunities.status, opportunities.source_url, opportunities.notes, opportunities.pipeline_stage, opportunities.is_hidden, opportunities.hidden_at, opportunities.hidden_reason, opportunities.is_no_bid, opportunities.no_bid_reason, opportunities.is_favorite, opportunities.created_by, opportunities.created_at, opportunities.updated_at, opportunities.deleted_at 
FROM opportunities 
WHERE opportunities.id = $1::UUID
2026-01-27 22:06:15,478 INFO sqlalchemy.engine.Engine [cached since 49.88s ago] (UUID('1c2210ec-1dc9-4796-b50b-77c3243fed61'),)
2026-01-27 22:06:15,603 INFO sqlalchemy.engine.Engine SELECT companies.id, companies.name, companies.cage_code, companies.uei, companies.duns, companies.primary_naics, companies.size_standard, companies.address_line1, companies.address_line2, companies.city, companies.state, companies.zip_code, companies.country, companies.website, companies.linkedin_url, companies.employee_count, companies.founded_year, companies.description, companies.business_size, companies.certifications, companies.certification_details, companies.gsa_schedules, companies.contract_vehicles, companies.primary_naic_code, companies.service_areas, companies.facility_clearance, companies.geographic_coverage, companies.annual_revenue, companies.bonding_capacity, companies.teaming_partners, companies.typical_role, companies.settings, companies.created_at, companies.updated_at, companies.deleted_at 
FROM companies 
WHERE companies.id = $1::UUID
2026-01-27 22:06:15,603 INFO sqlalchemy.engine.Engine [cached since 401s ago] (UUID('96f87f05-c153-42d5-ad39-547cada8fa4b'),)
2026-01-27 22:06:15,885 INFO sqlalchemy.engine.Engine SELECT documents.id, documents.company_id, documents.document_type, documents.filename, documents.file_path, documents.file_size_bytes, documents.mime_type, documents.contract_number, documents.contract_title, documents.customer_agency, documents.customer_command, documents.customer_office, documents.contract_value, documents.contract_type, documents.period_of_performance_start, documents.period_of_performance_end, documents.naics_code, documents.psc_code, documents.clearance_level, documents.fte_count, documents.geographic_scope, documents.locations, documents.cpars_quality_rating, documents.cpars_schedule_rating, documents.cpars_cost_rating, documents.cpars_management_rating, documents.cpars_overall_rating, documents.raw_text, documents.parsed_content, documents.embedding, documents.processing_status, documents.processing_error, documents.processed_at, documents.tags, documents.notes, documents.created_by, documents.created_at, documents.updated_at, documents.deleted_at 
FROM documents 
WHERE documents.company_id = $1::UUID
2026-01-27 22:06:15,885 INFO sqlalchemy.engine.Engine [cached since 49.39s ago] (UUID('96f87f05-c153-42d5-ad39-547cada8fa4b'),)
2026-01-27 22:06:16,057 INFO sqlalchemy.engine.Engine SELECT opportunity_documents.id, opportunity_documents.opportunity_id, opportunity_documents.document_type, opportunity_documents.filename, opportunity_documents.file_path, opportunity_documents.file_size_bytes, opportunity_documents.mime_type, opportunity_documents.raw_text, opportunity_documents.parsed_requirements, opportunity_documents.embedding, opportunity_documents.processing_status, opportunity_documents.processing_error, opportunity_documents.processed_at, opportunity_documents.created_at, opportunity_documents.updated_at 
FROM opportunity_documents 
WHERE opportunity_documents.opportunity_id = $1::UUID
2026-01-27 22:06:16,057 INFO sqlalchemy.engine.Engine [cached since 49.41s ago] (UUID('1c2210ec-1dc9-4796-b50b-77c3243fed61'),)
2026-01-27 22:06:16,139 INFO sqlalchemy.engine.Engine SELECT analyses.id, analyses.company_id, analyses.opportunity_id, analyses.overall_relevance_score, analyses.scope_score, analyses.magnitude_score, analyses.complexity_score, analyses.recency_score, analyses.strengths, analyses.weaknesses, analyses.recommendations, analyses.gap_matrix, analyses.document_assessments, analyses.documents_analyzed, analyses.agent_confidence, analyses.go_no_go_recommendation, analyses.go_no_go_reasoning, analyses.requirements_matrix, analyses.requirements_summary, analyses.contract_assessments, analyses.red_flags, analyses.evaluator_perspective, analyses.overall_relevance_label, analyses.dimensional_scores, analyses.company_compliance, analyses.document_analysis, analyses.analysis_notes, analyses.user_notes, analyses.raw_llm_response, analyses.processing_time_seconds, analyses.tokens_used, analyses.model_version, analyses.created_by, analyses.created_at, analyses.updated_at, analyses.deleted_at 
FROM analyses 
WHERE analyses.opportunity_id = $1::UUID ORDER BY analyses.created_at DESC
2026-01-27 22:06:16,140 INFO sqlalchemy.engine.Engine [cached since 49.4s ago] (UUID('1c2210ec-1dc9-4796-b50b-77c3243fed61'),)
2026-01-27 22:06:16,309 INFO sqlalchemy.engine.Engine SELECT roxy_memories.id, roxy_memories.company_id, roxy_memories.memory_type, roxy_memories.content, roxy_memories.source, roxy_memories.confidence, roxy_memories.created_at, roxy_memories.updated_at 
FROM roxy_memories 
WHERE roxy_memories.company_id = $1::UUID ORDER BY roxy_memories.updated_at DESC 
 LIMIT $2::INTEGER
2026-01-27 22:06:16,309 INFO sqlalchemy.engine.Engine [cached since 49.47s ago] (UUID('96f87f05-c153-42d5-ad39-547cada8fa4b'), 20)
ERROR:    Exception in ASGI application
  + Exception Group Traceback (most recent call last):
  |   File "/Users/kurtkarslioglu/Library/Python/3.9/lib/python/site-packages/uvicorn/protocols/http/httptools_impl.py", line 419, in run_asgi
  |     result = await app(  # type: ignore[func-returns-value]
  |   File "/Users/kurtkarslioglu/Library/Python/3.9/lib/python/site-packages/uvicorn/middleware/proxy_headers.py", line 84, in __call__
  |     return await self.app(scope, receive, send)
  |   File "/Users/kurtkarslioglu/Library/Python/3.9/lib/python/site-packages/fastapi/applications.py", line 1054, in __call__
  |     await super().__call__(scope, receive, send)
  |   File "/Users/kurtkarslioglu/Library/Python/3.9/lib/python/site-packages/starlette/applications.py", line 123, in __call__
  |     await self.middleware_stack(scope, receive, send)
  |   File "/Users/kurtkarslioglu/Library/Python/3.9/lib/python/site-packages/starlette/middleware/errors.py", line 186, in __call__
  |     raise exc
  |   File "/Users/kurtkarslioglu/Library/Python/3.9/lib/python/site-packages/starlette/middleware/errors.py", line 164, in __call__
  |     await self.app(scope, receive, _send)
  |   File "/Users/kurtkarslioglu/Library/Python/3.9/lib/python/site-packages/starlette/middleware/cors.py", line 83, in __call__
  |     await self.app(scope, receive, send)
  |   File "/Users/kurtkarslioglu/Library/Python/3.9/lib/python/site-packages/starlette/middleware/exceptions.py", line 62, in __call__
  |     await wrap_app_handling_exceptions(self.app, conn)(scope, receive, send)
  |   File "/Users/kurtkarslioglu/Library/Python/3.9/lib/python/site-packages/starlette/_exception_handler.py", line 64, in wrapped_app
  |     raise exc
  |   File "/Users/kurtkarslioglu/Library/Python/3.9/lib/python/site-packages/starlette/_exception_handler.py", line 53, in wrapped_app
  |     await app(scope, receive, sender)
  |   File "/Users/kurtkarslioglu/Library/Python/3.9/lib/python/site-packages/starlette/routing.py", line 762, in __call__
  |     await self.middleware_stack(scope, receive, send)
  |   File "/Users/kurtkarslioglu/Library/Python/3.9/lib/python/site-packages/starlette/routing.py", line 782, in app
  |     await route.handle(scope, receive, send)
  |   File "/Users/kurtkarslioglu/Library/Python/3.9/lib/python/site-packages/starlette/routing.py", line 297, in handle
  |     await self.app(scope, receive, send)
  |   File "/Users/kurtkarslioglu/Library/Python/3.9/lib/python/site-packages/starlette/routing.py", line 77, in app
  |     await wrap_app_handling_exceptions(app, request)(scope, receive, send)
  |   File "/Users/kurtkarslioglu/Library/Python/3.9/lib/python/site-packages/starlette/_exception_handler.py", line 64, in wrapped_app
  |     raise exc
  |   File "/Users/kurtkarslioglu/Library/Python/3.9/lib/python/site-packages/starlette/_exception_handler.py", line 53, in wrapped_app
  |     await app(scope, receive, sender)
  |   File "/Users/kurtkarslioglu/Library/Python/3.9/lib/python/site-packages/starlette/routing.py", line 75, in app
  |     await response(scope, receive, send)
  |   File "/Users/kurtkarslioglu/Library/Python/3.9/lib/python/site-packages/starlette/responses.py", line 261, in __call__
  |     await wrap(partial(self.listen_for_disconnect, receive))
  |   File "/Users/kurtkarslioglu/Library/Python/3.9/lib/python/site-packages/anyio/_backends/_asyncio.py", line 783, in __aexit__
  |     raise BaseExceptionGroup(
  | exceptiongroup.ExceptionGroup: unhandled errors in a TaskGroup (1 sub-exception)
  +-+---------------- 1 ----------------
    | Traceback (most recent call last):
    |   File "/Users/kurtkarslioglu/Library/Python/3.9/lib/python/site-packages/sqlalchemy/dialects/postgresql/asyncpg.py", line 522, in _prepare_and_execute
    |     prepared_stmt, attributes = await adapt_connection._prepare(
    |   File "/Users/kurtkarslioglu/Library/Python/3.9/lib/python/site-packages/sqlalchemy/dialects/postgresql/asyncpg.py", line 773, in _prepare
    |     prepared_stmt = await self._connection.prepare(
    |   File "/Users/kurtkarslioglu/Library/Python/3.9/lib/python/site-packages/asyncpg/connection.py", line 636, in prepare
    |     return await self._prepare(
    |   File "/Users/kurtkarslioglu/Library/Python/3.9/lib/python/site-packages/asyncpg/connection.py", line 654, in _prepare
    |     stmt = await self._get_statement(
    |   File "/Users/kurtkarslioglu/Library/Python/3.9/lib/python/site-packages/asyncpg/connection.py", line 433, in _get_statement
    |     statement = await self._protocol.prepare(
    |   File "asyncpg/protocol/protocol.pyx", line 166, in prepare
    | asyncpg.exceptions.UndefinedTableError: relation "roxy_memories" does not exist
    | 
    | The above exception was the direct cause of the following exception:
    | 
    | Traceback (most recent call last):
    |   File "/Users/kurtkarslioglu/Library/Python/3.9/lib/python/site-packages/sqlalchemy/engine/base.py", line 1969, in _exec_single_context
    |     self.dialect.do_execute(
    |   File "/Users/kurtkarslioglu/Library/Python/3.9/lib/python/site-packages/sqlalchemy/engine/default.py", line 922, in do_execute
    |     cursor.execute(statement, parameters)
    |   File "/Users/kurtkarslioglu/Library/Python/3.9/lib/python/site-packages/sqlalchemy/dialects/postgresql/asyncpg.py", line 580, in execute
    |     self._adapt_connection.await_(
    |   File "/Users/kurtkarslioglu/Library/Python/3.9/lib/python/site-packages/sqlalchemy/util/_concurrency_py3k.py", line 130, in await_only
    |     return current.driver.switch(awaitable)  # type: ignore[no-any-return]
    |   File "/Users/kurtkarslioglu/Library/Python/3.9/lib/python/site-packages/sqlalchemy/util/_concurrency_py3k.py", line 195, in greenlet_spawn
    |     value = await result
    |   File "/Users/kurtkarslioglu/Library/Python/3.9/lib/python/site-packages/sqlalchemy/dialects/postgresql/asyncpg.py", line 558, in _prepare_and_execute
    |     self._handle_exception(error)
    |   File "/Users/kurtkarslioglu/Library/Python/3.9/lib/python/site-packages/sqlalchemy/dialects/postgresql/asyncpg.py", line 509, in _handle_exception
    |     self._adapt_connection._handle_exception(error)
    |   File "/Users/kurtkarslioglu/Library/Python/3.9/lib/python/site-packages/sqlalchemy/dialects/postgresql/asyncpg.py", line 797, in _handle_exception
    |     raise translated_error from error
    | sqlalchemy.dialects.postgresql.asyncpg.AsyncAdapt_asyncpg_dbapi.ProgrammingError: <class 'asyncpg.exceptions.UndefinedTableError'>: relation "roxy_memories" does not exist
    | 
    | The above exception was the direct cause of the following exception:
    | 
    | Traceback (most recent call last):
    |   File "/Users/kurtkarslioglu/Library/Python/3.9/lib/python/site-packages/starlette/responses.py", line 257, in wrap
    |     await func()
    |   File "/Users/kurtkarslioglu/Library/Python/3.9/lib/python/site-packages/starlette/responses.py", line 246, in stream_response
    |     async for chunk in self.body_iterator:
    |   File "/Users/kurtkarslioglu/Desktop/PP Gap Analysis/backend/app/api/routes/roxy.py", line 94, in event_stream
    |     async for event in roxy_service.stream_chat(
    |   File "/Users/kurtkarslioglu/Desktop/PP Gap Analysis/backend/app/services/roxy_service.py", line 79, in stream_chat
    |     context_data = await self._build_context(db, opportunity_id)
    |   File "/Users/kurtkarslioglu/Desktop/PP Gap Analysis/backend/app/services/roxy_service.py", line 623, in _build_context
    |     memories = await self._get_memories(db, opportunity_obj.company_id)
    |   File "/Users/kurtkarslioglu/Desktop/PP Gap Analysis/backend/app/services/roxy_service.py", line 951, in _get_memories
    |     result = await db.execute(
    |   File "/Users/kurtkarslioglu/Library/Python/3.9/lib/python/site-packages/sqlalchemy/ext/asyncio/session.py", line 455, in execute
    |     result = await greenlet_spawn(
    |   File "/Users/kurtkarslioglu/Library/Python/3.9/lib/python/site-packages/sqlalchemy/util/_concurrency_py3k.py", line 200, in greenlet_spawn
    |     result = context.throw(*sys.exc_info())
    |   File "/Users/kurtkarslioglu/Library/Python/3.9/lib/python/site-packages/sqlalchemy/orm/session.py", line 2308, in execute
    |     return self._execute_internal(
    |   File "/Users/kurtkarslioglu/Library/Python/3.9/lib/python/site-packages/sqlalchemy/orm/session.py", line 2190, in _execute_internal
    |     result: Result[Any] = compile_state_cls.orm_execute_statement(
    |   File "/Users/kurtkarslioglu/Library/Python/3.9/lib/python/site-packages/sqlalchemy/orm/context.py", line 293, in orm_execute_statement
    |     result = conn.execute(
    |   File "/Users/kurtkarslioglu/Library/Python/3.9/lib/python/site-packages/sqlalchemy/engine/base.py", line 1416, in execute
    |     return meth(
    |   File "/Users/kurtkarslioglu/Library/Python/3.9/lib/python/site-packages/sqlalchemy/sql/elements.py", line 517, in _execute_on_connection
    |     return connection._execute_clauseelement(
    |   File "/Users/kurtkarslioglu/Library/Python/3.9/lib/python/site-packages/sqlalchemy/engine/base.py", line 1639, in _execute_clauseelement
    |     ret = self._execute_context(
    |   File "/Users/kurtkarslioglu/Library/Python/3.9/lib/python/site-packages/sqlalchemy/engine/base.py", line 1848, in _execute_context
    |     return self._exec_single_context(
    |   File "/Users/kurtkarslioglu/Library/Python/3.9/lib/python/site-packages/sqlalchemy/engine/base.py", line 1988, in _exec_single_context
    |     self._handle_dbapi_exception(
    |   File "/Users/kurtkarslioglu/Library/Python/3.9/lib/python/site-packages/sqlalchemy/engine/base.py", line 2344, in _handle_dbapi_exception
    |     raise sqlalchemy_exception.with_traceback(exc_info[2]) from e
    |   File "/Users/kurtkarslioglu/Library/Python/3.9/lib/python/site-packages/sqlalchemy/engine/base.py", line 1969, in _exec_single_context
    |     self.dialect.do_execute(
    |   File "/Users/kurtkarslioglu/Library/Python/3.9/lib/python/site-packages/sqlalchemy/engine/default.py", line 922, in do_execute
    |     cursor.execute(statement, parameters)
    |   File "/Users/kurtkarslioglu/Library/Python/3.9/lib/python/site-packages/sqlalchemy/dialects/postgresql/asyncpg.py", line 580, in execute
    |     self._adapt_connection.await_(
    |   File "/Users/kurtkarslioglu/Library/Python/3.9/lib/python/site-packages/sqlalchemy/util/_concurrency_py3k.py", line 130, in await_only
    |     return current.driver.switch(awaitable)  # type: ignore[no-any-return]
    |   File "/Users/kurtkarslioglu/Library/Python/3.9/lib/python/site-packages/sqlalchemy/util/_concurrency_py3k.py", line 195, in greenlet_spawn
    |     value = await result
    |   File "/Users/kurtkarslioglu/Library/Python/3.9/lib/python/site-packages/sqlalchemy/dialects/postgresql/asyncpg.py", line 558, in _prepare_and_execute
    |     self._handle_exception(error)
    |   File "/Users/kurtkarslioglu/Library/Python/3.9/lib/python/site-packages/sqlalchemy/dialects/postgresql/asyncpg.py", line 509, in _handle_exception
    |     self._adapt_connection._handle_exception(error)
    |   File "/Users/kurtkarslioglu/Library/Python/3.9/lib/python/site-packages/sqlalchemy/dialects/postgresql/asyncpg.py", line 797, in _handle_exception
    |     raise translated_error from error
    | sqlalchemy.exc.ProgrammingError: (sqlalchemy.dialects.postgresql.asyncpg.ProgrammingError) <class 'asyncpg.exceptions.UndefinedTableError'>: relation "roxy_memories" does not exist
    | [SQL: SELECT roxy_memories.id, roxy_memories.company_id, roxy_memories.memory_type, roxy_memories.content, roxy_memories.source, roxy_memories.confidence, roxy_memories.created_at, roxy_memories.updated_at 
    | FROM roxy_memories 
    | WHERE roxy_memories.company_id = $1::UUID ORDER BY roxy_memories.updated_at DESC 
    |  LIMIT $2::INTEGER]
    | [parameters: (UUID('96f87f05-c153-42d5-ad39-547cada8fa4b'), 20)]
    | (Background on this error at: https://sqlalche.me/e/20/f405)
    +------------------------------------
2026-01-27 22:06:29,448 INFO sqlalchemy.engine.Engine BEGIN (implicit)
2026-01-27 22:06:29,448 INFO sqlalchemy.engine.Engine SELECT users.id, users.email, users.name, users.password_hash, users.auth_provider, users.auth_provider_id, users.avatar_url, users.is_active, users.last_login_at, users.created_at, users.updated_at, users.deleted_at 
FROM users 
WHERE users.email = $1::VARCHAR
2026-01-27 22:06:29,448 INFO sqlalchemy.engine.Engine [cached since 415.1s ago] ('admin@internal.local',)
2026-01-27 22:06:29,663 INFO sqlalchemy.engine.Engine SELECT user_companies.id, user_companies.user_id, user_companies.company_id, user_companies.role, user_companies.is_default, user_companies.created_at, user_companies.updated_at 
FROM user_companies 
WHERE user_companies.user_id = $1::UUID AND user_companies.company_id = $2::UUID
2026-01-27 22:06:29,663 INFO sqlalchemy.engine.Engine [cached since 415.1s ago] (UUID('64f538a2-4cfd-47a3-be23-9b9062a3565f'), UUID('96f87f05-c153-42d5-ad39-547cada8fa4b'))
2026-01-27 22:06:29,764 INFO sqlalchemy.engine.Engine SELECT opportunities.id 
FROM opportunities 
WHERE opportunities.id = $1::UUID AND opportunities.company_id = $2::UUID
2026-01-27 22:06:29,764 INFO sqlalchemy.engine.Engine [cached since 64.25s ago] (UUID('1c2210ec-1dc9-4796-b50b-77c3243fed61'), UUID('96f87f05-c153-42d5-ad39-547cada8fa4b'))
2026-01-27 22:06:29,848 INFO sqlalchemy.engine.Engine SELECT roxy_sessions.id, roxy_sessions.opportunity_id, roxy_sessions.created_at, roxy_sessions.updated_at 
FROM roxy_sessions 
WHERE roxy_sessions.opportunity_id = $1::UUID
2026-01-27 22:06:29,848 INFO sqlalchemy.engine.Engine [cached since 63.71s ago] (UUID('1c2210ec-1dc9-4796-b50b-77c3243fed61'),)
The garbage collector is trying to clean up non-checked-in connection <AdaptedConnection <asyncpg.connection.Connection object at 0x10e4bc310>>, which will be terminated.  Please ensure that SQLAlchemy pooled connections are returned to the pool explicitly, either by calling ``close()`` or by using appropriate context managers to manage their lifecycle.
sys:1: SAWarning: The garbage collector is trying to clean up non-checked-in connection <AdaptedConnection <asyncpg.connection.Connection object at 0x10e4bc310>>, which will be terminated.  Please ensure that SQLAlchemy pooled connections are returned to the pool explicitly, either by calling ``close()`` or by using appropriate context managers to manage their lifecycle.
The garbage collector is trying to clean up non-checked-in connection <AdaptedConnection <asyncpg.connection.Connection object at 0x10ee01a90>>, which will be terminated.  Please ensure that SQLAlchemy pooled connections are returned to the pool explicitly, either by calling ``close()`` or by using appropriate context managers to manage their lifecycle.
sys:1: SAWarning: The garbage collector is trying to clean up non-checked-in connection <AdaptedConnection <asyncpg.connection.Connection object at 0x10ee01a90>>, which will be terminated.  Please ensure that SQLAlchemy pooled connections are returned to the pool explicitly, either by calling ``close()`` or by using appropriate context managers to manage their lifecycle.
The garbage collector is trying to clean up non-checked-in connection <AdaptedConnection <asyncpg.connection.Connection object at 0x10ee016d0>>, which will be terminated.  Please ensure that SQLAlchemy pooled connections are returned to the pool explicitly, either by calling ``close()`` or by using appropriate context managers to manage their lifecycle.
sys:1: SAWarning: The garbage collector is trying to clean up non-checked-in connection <AdaptedConnection <asyncpg.connection.Connection object at 0x10ee016d0>>, which will be terminated.  Please ensure that SQLAlchemy pooled connections are returned to the pool explicitly, either by calling ``close()`` or by using appropriate context managers to manage their lifecycle.
The garbage collector is trying to clean up non-checked-in connection <AdaptedConnection <asyncpg.connection.Connection object at 0x10ee015e0>>, which will be terminated.  Please ensure that SQLAlchemy pooled connections are returned to the pool explicitly, either by calling ``close()`` or by using appropriate context managers to manage their lifecycle.
sys:1: SAWarning: The garbage collector is trying to clean up non-checked-in connection <AdaptedConnection <asyncpg.connection.Connection object at 0x10ee015e0>>, which will be terminated.  Please ensure that SQLAlchemy pooled connections are returned to the pool explicitly, either by calling ``close()`` or by using appropriate context managers to manage their lifecycle.
2026-01-27 22:06:30,152 INFO sqlalchemy.engine.Engine INSERT INTO roxy_messages (id, session_id, role, content, citations, tool_used, created_at) VALUES ($1::UUID, $2::UUID, $3::VARCHAR, $4::VARCHAR, $5::JSONB, $6::VARCHAR, $7::TIMESTAMP WITHOUT TIME ZONE)
2026-01-27 22:06:30,152 INFO sqlalchemy.engine.Engine [cached since 63.93s ago] (UUID('1957fcb2-093f-4d39-a01c-b6a8421903c4'), UUID('06d56ae0-7461-41bc-abcb-8b6b2d4b54db'), 'user', 'What certifications are required?', '[]', None, datetime.datetime(2026, 1, 28, 3, 6, 30, 152510))
2026-01-27 22:06:30,278 INFO sqlalchemy.engine.Engine COMMIT
INFO:     127.0.0.1:49397 - "POST /api/roxy/chat?org_id=96f87f05-c153-42d5-ad39-547cada8fa4b HTTP/1.1" 200 OK
2026-01-27 22:06:30,914 INFO sqlalchemy.engine.Engine BEGIN (implicit)
2026-01-27 22:06:30,915 INFO sqlalchemy.engine.Engine SELECT opportunities.id, opportunities.company_id, opportunities.solicitation_number, opportunities.title, opportunities.agency, opportunities.sub_agency, opportunities.contracting_office, opportunities.naics_code, opportunities.psc_code, opportunities.estimated_value, opportunities.set_aside_type, opportunities.contract_type, opportunities.response_due_date, opportunities.questions_due_date, opportunities.award_date, opportunities.status, opportunities.source_url, opportunities.notes, opportunities.pipeline_stage, opportunities.is_hidden, opportunities.hidden_at, opportunities.hidden_reason, opportunities.is_no_bid, opportunities.no_bid_reason, opportunities.is_favorite, opportunities.created_by, opportunities.created_at, opportunities.updated_at, opportunities.deleted_at 
FROM opportunities 
WHERE opportunities.id = $1::UUID
2026-01-27 22:06:30,915 INFO sqlalchemy.engine.Engine [cached since 65.31s ago] (UUID('1c2210ec-1dc9-4796-b50b-77c3243fed61'),)
2026-01-27 22:06:31,074 INFO sqlalchemy.engine.Engine SELECT companies.id, companies.name, companies.cage_code, companies.uei, companies.duns, companies.primary_naics, companies.size_standard, companies.address_line1, companies.address_line2, companies.city, companies.state, companies.zip_code, companies.country, companies.website, companies.linkedin_url, companies.employee_count, companies.founded_year, companies.description, companies.business_size, companies.certifications, companies.certification_details, companies.gsa_schedules, companies.contract_vehicles, companies.primary_naic_code, companies.service_areas, companies.facility_clearance, companies.geographic_coverage, companies.annual_revenue, companies.bonding_capacity, companies.teaming_partners, companies.typical_role, companies.settings, companies.created_at, companies.updated_at, companies.deleted_at 
FROM companies 
WHERE companies.id = $1::UUID
2026-01-27 22:06:31,074 INFO sqlalchemy.engine.Engine [cached since 416.4s ago] (UUID('96f87f05-c153-42d5-ad39-547cada8fa4b'),)
2026-01-27 22:06:31,321 INFO sqlalchemy.engine.Engine SELECT documents.id, documents.company_id, documents.document_type, documents.filename, documents.file_path, documents.file_size_bytes, documents.mime_type, documents.contract_number, documents.contract_title, documents.customer_agency, documents.customer_command, documents.customer_office, documents.contract_value, documents.contract_type, documents.period_of_performance_start, documents.period_of_performance_end, documents.naics_code, documents.psc_code, documents.clearance_level, documents.fte_count, documents.geographic_scope, documents.locations, documents.cpars_quality_rating, documents.cpars_schedule_rating, documents.cpars_cost_rating, documents.cpars_management_rating, documents.cpars_overall_rating, documents.raw_text, documents.parsed_content, documents.embedding, documents.processing_status, documents.processing_error, documents.processed_at, documents.tags, documents.notes, documents.created_by, documents.created_at, documents.updated_at, documents.deleted_at 
FROM documents 
WHERE documents.company_id = $1::UUID
2026-01-27 22:06:31,321 INFO sqlalchemy.engine.Engine [cached since 64.83s ago] (UUID('96f87f05-c153-42d5-ad39-547cada8fa4b'),)
2026-01-27 22:06:31,484 INFO sqlalchemy.engine.Engine SELECT opportunity_documents.id, opportunity_documents.opportunity_id, opportunity_documents.document_type, opportunity_documents.filename, opportunity_documents.file_path, opportunity_documents.file_size_bytes, opportunity_documents.mime_type, opportunity_documents.raw_text, opportunity_documents.parsed_requirements, opportunity_documents.embedding, opportunity_documents.processing_status, opportunity_documents.processing_error, opportunity_documents.processed_at, opportunity_documents.created_at, opportunity_documents.updated_at 
FROM opportunity_documents 
WHERE opportunity_documents.opportunity_id = $1::UUID
2026-01-27 22:06:31,484 INFO sqlalchemy.engine.Engine [cached since 64.84s ago] (UUID('1c2210ec-1dc9-4796-b50b-77c3243fed61'),)
2026-01-27 22:06:31,563 INFO sqlalchemy.engine.Engine SELECT analyses.id, analyses.company_id, analyses.opportunity_id, analyses.overall_relevance_score, analyses.scope_score, analyses.magnitude_score, analyses.complexity_score, analyses.recency_score, analyses.strengths, analyses.weaknesses, analyses.recommendations, analyses.gap_matrix, analyses.document_assessments, analyses.documents_analyzed, analyses.agent_confidence, analyses.go_no_go_recommendation, analyses.go_no_go_reasoning, analyses.requirements_matrix, analyses.requirements_summary, analyses.contract_assessments, analyses.red_flags, analyses.evaluator_perspective, analyses.overall_relevance_label, analyses.dimensional_scores, analyses.company_compliance, analyses.document_analysis, analyses.analysis_notes, analyses.user_notes, analyses.raw_llm_response, analyses.processing_time_seconds, analyses.tokens_used, analyses.model_version, analyses.created_by, analyses.created_at, analyses.updated_at, analyses.deleted_at 
FROM analyses 
WHERE analyses.opportunity_id = $1::UUID ORDER BY analyses.created_at DESC
2026-01-27 22:06:31,563 INFO sqlalchemy.engine.Engine [cached since 64.82s ago] (UUID('1c2210ec-1dc9-4796-b50b-77c3243fed61'),)
2026-01-27 22:06:31,757 INFO sqlalchemy.engine.Engine SELECT roxy_memories.id, roxy_memories.company_id, roxy_memories.memory_type, roxy_memories.content, roxy_memories.source, roxy_memories.confidence, roxy_memories.created_at, roxy_memories.updated_at 
FROM roxy_memories 
WHERE roxy_memories.company_id = $1::UUID ORDER BY roxy_memories.updated_at DESC 
 LIMIT $2::INTEGER
2026-01-27 22:06:31,757 INFO sqlalchemy.engine.Engine [cached since 64.92s ago] (UUID('96f87f05-c153-42d5-ad39-547cada8fa4b'), 20)
ERROR:    Exception in ASGI application
  + Exception Group Traceback (most recent call last):
  |   File "/Users/kurtkarslioglu/Library/Python/3.9/lib/python/site-packages/uvicorn/protocols/http/httptools_impl.py", line 419, in run_asgi
  |     result = await app(  # type: ignore[func-returns-value]
  |   File "/Users/kurtkarslioglu/Library/Python/3.9/lib/python/site-packages/uvicorn/middleware/proxy_headers.py", line 84, in __call__
  |     return await self.app(scope, receive, send)
  |   File "/Users/kurtkarslioglu/Library/Python/3.9/lib/python/site-packages/fastapi/applications.py", line 1054, in __call__
  |     await super().__call__(scope, receive, send)
  |   File "/Users/kurtkarslioglu/Library/Python/3.9/lib/python/site-packages/starlette/applications.py", line 123, in __call__
  |     await self.middleware_stack(scope, receive, send)
  |   File "/Users/kurtkarslioglu/Library/Python/3.9/lib/python/site-packages/starlette/middleware/errors.py", line 186, in __call__
  |     raise exc
  |   File "/Users/kurtkarslioglu/Library/Python/3.9/lib/python/site-packages/starlette/middleware/errors.py", line 164, in __call__
  |     await self.app(scope, receive, _send)
  |   File "/Users/kurtkarslioglu/Library/Python/3.9/lib/python/site-packages/starlette/middleware/cors.py", line 83, in __call__
  |     await self.app(scope, receive, send)
  |   File "/Users/kurtkarslioglu/Library/Python/3.9/lib/python/site-packages/starlette/middleware/exceptions.py", line 62, in __call__
  |     await wrap_app_handling_exceptions(self.app, conn)(scope, receive, send)
  |   File "/Users/kurtkarslioglu/Library/Python/3.9/lib/python/site-packages/starlette/_exception_handler.py", line 64, in wrapped_app
  |     raise exc
  |   File "/Users/kurtkarslioglu/Library/Python/3.9/lib/python/site-packages/starlette/_exception_handler.py", line 53, in wrapped_app
  |     await app(scope, receive, sender)
  |   File "/Users/kurtkarslioglu/Library/Python/3.9/lib/python/site-packages/starlette/routing.py", line 762, in __call__
  |     await self.middleware_stack(scope, receive, send)
  |   File "/Users/kurtkarslioglu/Library/Python/3.9/lib/python/site-packages/starlette/routing.py", line 782, in app
  |     await route.handle(scope, receive, send)
  |   File "/Users/kurtkarslioglu/Library/Python/3.9/lib/python/site-packages/starlette/routing.py", line 297, in handle
  |     await self.app(scope, receive, send)
  |   File "/Users/kurtkarslioglu/Library/Python/3.9/lib/python/site-packages/starlette/routing.py", line 77, in app
  |     await wrap_app_handling_exceptions(app, request)(scope, receive, send)
  |   File "/Users/kurtkarslioglu/Library/Python/3.9/lib/python/site-packages/starlette/_exception_handler.py", line 64, in wrapped_app
  |     raise exc
  |   File "/Users/kurtkarslioglu/Library/Python/3.9/lib/python/site-packages/starlette/_exception_handler.py", line 53, in wrapped_app
  |     await app(scope, receive, sender)
  |   File "/Users/kurtkarslioglu/Library/Python/3.9/lib/python/site-packages/starlette/routing.py", line 75, in app
  |     await response(scope, receive, send)
  |   File "/Users/kurtkarslioglu/Library/Python/3.9/lib/python/site-packages/starlette/responses.py", line 261, in __call__
  |     await wrap(partial(self.listen_for_disconnect, receive))
  |   File "/Users/kurtkarslioglu/Library/Python/3.9/lib/python/site-packages/anyio/_backends/_asyncio.py", line 783, in __aexit__
  |     raise BaseExceptionGroup(
  | exceptiongroup.ExceptionGroup: unhandled errors in a TaskGroup (1 sub-exception)
  +-+---------------- 1 ----------------
    | Traceback (most recent call last):
    |   File "/Users/kurtkarslioglu/Library/Python/3.9/lib/python/site-packages/sqlalchemy/dialects/postgresql/asyncpg.py", line 522, in _prepare_and_execute
    |     prepared_stmt, attributes = await adapt_connection._prepare(
    |   File "/Users/kurtkarslioglu/Library/Python/3.9/lib/python/site-packages/sqlalchemy/dialects/postgresql/asyncpg.py", line 773, in _prepare
    |     prepared_stmt = await self._connection.prepare(
    |   File "/Users/kurtkarslioglu/Library/Python/3.9/lib/python/site-packages/asyncpg/connection.py", line 636, in prepare
    |     return await self._prepare(
    |   File "/Users/kurtkarslioglu/Library/Python/3.9/lib/python/site-packages/asyncpg/connection.py", line 654, in _prepare
    |     stmt = await self._get_statement(
    |   File "/Users/kurtkarslioglu/Library/Python/3.9/lib/python/site-packages/asyncpg/connection.py", line 433, in _get_statement
    |     statement = await self._protocol.prepare(
    |   File "asyncpg/protocol/protocol.pyx", line 166, in prepare
    | asyncpg.exceptions.UndefinedTableError: relation "roxy_memories" does not exist
    | 
    | The above exception was the direct cause of the following exception:
    | 
    | Traceback (most recent call last):
    |   File "/Users/kurtkarslioglu/Library/Python/3.9/lib/python/site-packages/sqlalchemy/engine/base.py", line 1969, in _exec_single_context
    |     self.dialect.do_execute(
    |   File "/Users/kurtkarslioglu/Library/Python/3.9/lib/python/site-packages/sqlalchemy/engine/default.py", line 922, in do_execute
    |     cursor.execute(statement, parameters)
    |   File "/Users/kurtkarslioglu/Library/Python/3.9/lib/python/site-packages/sqlalchemy/dialects/postgresql/asyncpg.py", line 580, in execute
    |     self._adapt_connection.await_(
    |   File "/Users/kurtkarslioglu/Library/Python/3.9/lib/python/site-packages/sqlalchemy/util/_concurrency_py3k.py", line 130, in await_only
    |     return current.driver.switch(awaitable)  # type: ignore[no-any-return]
    |   File "/Users/kurtkarslioglu/Library/Python/3.9/lib/python/site-packages/sqlalchemy/util/_concurrency_py3k.py", line 195, in greenlet_spawn
    |     value = await result
    |   File "/Users/kurtkarslioglu/Library/Python/3.9/lib/python/site-packages/sqlalchemy/dialects/postgresql/asyncpg.py", line 558, in _prepare_and_execute
    |     self._handle_exception(error)
    |   File "/Users/kurtkarslioglu/Library/Python/3.9/lib/python/site-packages/sqlalchemy/dialects/postgresql/asyncpg.py", line 509, in _handle_exception
    |     self._adapt_connection._handle_exception(error)
    |   File "/Users/kurtkarslioglu/Library/Python/3.9/lib/python/site-packages/sqlalchemy/dialects/postgresql/asyncpg.py", line 797, in _handle_exception
    |     raise translated_error from error
    | sqlalchemy.dialects.postgresql.asyncpg.AsyncAdapt_asyncpg_dbapi.ProgrammingError: <class 'asyncpg.exceptions.UndefinedTableError'>: relation "roxy_memories" does not exist
    | 
    | The above exception was the direct cause of the following exception:
    | 
    | Traceback (most recent call last):
    |   File "/Users/kurtkarslioglu/Library/Python/3.9/lib/python/site-packages/starlette/responses.py", line 257, in wrap
    |     await func()
    |   File "/Users/kurtkarslioglu/Library/Python/3.9/lib/python/site-packages/starlette/responses.py", line 246, in stream_response
    |     async for chunk in self.body_iterator:
    |   File "/Users/kurtkarslioglu/Desktop/PP Gap Analysis/backend/app/api/routes/roxy.py", line 94, in event_stream
    |     async for event in roxy_service.stream_chat(
    |   File "/Users/kurtkarslioglu/Desktop/PP Gap Analysis/backend/app/services/roxy_service.py", line 79, in stream_chat
    |     context_data = await self._build_context(db, opportunity_id)
    |   File "/Users/kurtkarslioglu/Desktop/PP Gap Analysis/backend/app/services/roxy_service.py", line 623, in _build_context
    |     memories = await self._get_memories(db, opportunity_obj.company_id)
    |   File "/Users/kurtkarslioglu/Desktop/PP Gap Analysis/backend/app/services/roxy_service.py", line 951, in _get_memories
    |     result = await db.execute(
    |   File "/Users/kurtkarslioglu/Library/Python/3.9/lib/python/site-packages/sqlalchemy/ext/asyncio/session.py", line 455, in execute
    |     result = await greenlet_spawn(
    |   File "/Users/kurtkarslioglu/Library/Python/3.9/lib/python/site-packages/sqlalchemy/util/_concurrency_py3k.py", line 200, in greenlet_spawn
    |     result = context.throw(*sys.exc_info())
    |   File "/Users/kurtkarslioglu/Library/Python/3.9/lib/python/site-packages/sqlalchemy/orm/session.py", line 2308, in execute
    |     return self._execute_internal(
    |   File "/Users/kurtkarslioglu/Library/Python/3.9/lib/python/site-packages/sqlalchemy/orm/session.py", line 2190, in _execute_internal
    |     result: Result[Any] = compile_state_cls.orm_execute_statement(
    |   File "/Users/kurtkarslioglu/Library/Python/3.9/lib/python/site-packages/sqlalchemy/orm/context.py", line 293, in orm_execute_statement
    |     result = conn.execute(
    |   File "/Users/kurtkarslioglu/Library/Python/3.9/lib/python/site-packages/sqlalchemy/engine/base.py", line 1416, in execute
    |     return meth(
    |   File "/Users/kurtkarslioglu/Library/Python/3.9/lib/python/site-packages/sqlalchemy/sql/elements.py", line 517, in _execute_on_connection
    |     return connection._execute_clauseelement(
    |   File "/Users/kurtkarslioglu/Library/Python/3.9/lib/python/site-packages/sqlalchemy/engine/base.py", line 1639, in _execute_clauseelement
    |     ret = self._execute_context(
    |   File "/Users/kurtkarslioglu/Library/Python/3.9/lib/python/site-packages/sqlalchemy/engine/base.py", line 1848, in _execute_context
    |     return self._exec_single_context(
    |   File "/Users/kurtkarslioglu/Library/Python/3.9/lib/python/site-packages/sqlalchemy/engine/base.py", line 1988, in _exec_single_context
    |     self._handle_dbapi_exception(
    |   File "/Users/kurtkarslioglu/Library/Python/3.9/lib/python/site-packages/sqlalchemy/engine/base.py", line 2344, in _handle_dbapi_exception
    |     raise sqlalchemy_exception.with_traceback(exc_info[2]) from e
    |   File "/Users/kurtkarslioglu/Library/Python/3.9/lib/python/site-packages/sqlalchemy/engine/base.py", line 1969, in _exec_single_context
    |     self.dialect.do_execute(
    |   File "/Users/kurtkarslioglu/Library/Python/3.9/lib/python/site-packages/sqlalchemy/engine/default.py", line 922, in do_execute
    |     cursor.execute(statement, parameters)
    |   File "/Users/kurtkarslioglu/Library/Python/3.9/lib/python/site-packages/sqlalchemy/dialects/postgresql/asyncpg.py", line 580, in execute
    |     self._adapt_connection.await_(
    |   File "/Users/kurtkarslioglu/Library/Python/3.9/lib/python/site-packages/sqlalchemy/util/_concurrency_py3k.py", line 130, in await_only
    |     return current.driver.switch(awaitable)  # type: ignore[no-any-return]
    |   File "/Users/kurtkarslioglu/Library/Python/3.9/lib/python/site-packages/sqlalchemy/util/_concurrency_py3k.py", line 195, in greenlet_spawn
    |     value = await result
    |   File "/Users/kurtkarslioglu/Library/Python/3.9/lib/python/site-packages/sqlalchemy/dialects/postgresql/asyncpg.py", line 558, in _prepare_and_execute
    |     self._handle_exception(error)
    |   File "/Users/kurtkarslioglu/Library/Python/3.9/lib/python/site-packages/sqlalchemy/dialects/postgresql/asyncpg.py", line 509, in _handle_exception
    |     self._adapt_connection._handle_exception(error)
    |   File "/Users/kurtkarslioglu/Library/Python/3.9/lib/python/site-packages/sqlalchemy/dialects/postgresql/asyncpg.py", line 797, in _handle_exception
    |     raise translated_error from error
    | sqlalchemy.exc.ProgrammingError: (sqlalchemy.dialects.postgresql.asyncpg.ProgrammingError) <class 'asyncpg.exceptions.UndefinedTableError'>: relation "roxy_memories" does not exist
    | [SQL: SELECT roxy_memories.id, roxy_memories.company_id, roxy_memories.memory_type, roxy_memories.content, roxy_memories.source, roxy_memories.confidence, roxy_memories.created_at, roxy_memories.updated_at 
    | FROM roxy_memories 
    | WHERE roxy_memories.company_id = $1::UUID ORDER BY roxy_memories.updated_at DESC 
    |  LIMIT $2::INTEGER]
    | [parameters: (UUID('96f87f05-c153-42d5-ad39-547cada8fa4b'), 20)]
    | (Background on this error at: https://sqlalche.me/e/20/f405)
    +------------------------------------
2026-01-27 22:07:16,800 INFO sqlalchemy.engine.Engine BEGIN (implicit)
2026-01-27 22:07:16,800 INFO sqlalchemy.engine.Engine SELECT users.id, users.email, users.name, users.password_hash, users.auth_provider, users.auth_provider_id, users.avatar_url, users.is_active, users.last_login_at, users.created_at, users.updated_at, users.deleted_at 
FROM users 
WHERE users.email = $1::VARCHAR
2026-01-27 22:07:16,800 INFO sqlalchemy.engine.Engine [cached since 462.4s ago] ('admin@internal.local',)
2026-01-27 22:07:16,990 INFO sqlalchemy.engine.Engine SELECT user_companies.id, user_companies.user_id, user_companies.company_id, user_companies.role, user_companies.is_default, user_companies.created_at, user_companies.updated_at 
FROM user_companies 
WHERE user_companies.user_id = $1::UUID AND user_companies.company_id = $2::UUID
2026-01-27 22:07:16,990 INFO sqlalchemy.engine.Engine [cached since 462.4s ago] (UUID('64f538a2-4cfd-47a3-be23-9b9062a3565f'), UUID('96f87f05-c153-42d5-ad39-547cada8fa4b'))
2026-01-27 22:07:17,076 INFO sqlalchemy.engine.Engine SELECT opportunities.id 
FROM opportunities 
WHERE opportunities.id = $1::UUID AND opportunities.company_id = $2::UUID
2026-01-27 22:07:17,076 INFO sqlalchemy.engine.Engine [cached since 111.6s ago] (UUID('1c2210ec-1dc9-4796-b50b-77c3243fed61'), UUID('96f87f05-c153-42d5-ad39-547cada8fa4b'))
2026-01-27 22:07:17,156 INFO sqlalchemy.engine.Engine SELECT roxy_sessions.id, roxy_sessions.opportunity_id, roxy_sessions.created_at, roxy_sessions.updated_at 
FROM roxy_sessions 
WHERE roxy_sessions.opportunity_id = $1::UUID
2026-01-27 22:07:17,156 INFO sqlalchemy.engine.Engine [cached since 111s ago] (UUID('1c2210ec-1dc9-4796-b50b-77c3243fed61'),)
2026-01-27 22:07:17,238 INFO sqlalchemy.engine.Engine INSERT INTO roxy_messages (id, session_id, role, content, citations, tool_used, created_at) VALUES ($1::UUID, $2::UUID, $3::VARCHAR, $4::VARCHAR, $5::JSONB, $6::VARCHAR, $7::TIMESTAMP WITHOUT TIME ZONE)
2026-01-27 22:07:17,238 INFO sqlalchemy.engine.Engine [cached since 111s ago] (UUID('a8faaebe-574d-4f41-a180-342c27ded7cd'), UUID('06d56ae0-7461-41bc-abcb-8b6b2d4b54db'), 'user', 'What certifications are required?', '[]', None, datetime.datetime(2026, 1, 28, 3, 7, 17, 238241))
2026-01-27 22:07:17,316 INFO sqlalchemy.engine.Engine COMMIT
INFO:     127.0.0.1:49405 - "POST /api/roxy/chat?org_id=96f87f05-c153-42d5-ad39-547cada8fa4b HTTP/1.1" 200 OK
2026-01-27 22:07:17,893 INFO sqlalchemy.engine.Engine BEGIN (implicit)
2026-01-27 22:07:17,894 INFO sqlalchemy.engine.Engine SELECT opportunities.id, opportunities.company_id, opportunities.solicitation_number, opportunities.title, opportunities.agency, opportunities.sub_agency, opportunities.contracting_office, opportunities.naics_code, opportunities.psc_code, opportunities.estimated_value, opportunities.set_aside_type, opportunities.contract_type, opportunities.response_due_date, opportunities.questions_due_date, opportunities.award_date, opportunities.status, opportunities.source_url, opportunities.notes, opportunities.pipeline_stage, opportunities.is_hidden, opportunities.hidden_at, opportunities.hidden_reason, opportunities.is_no_bid, opportunities.no_bid_reason, opportunities.is_favorite, opportunities.created_by, opportunities.created_at, opportunities.updated_at, opportunities.deleted_at 
FROM opportunities 
WHERE opportunities.id = $1::UUID
2026-01-27 22:07:17,894 INFO sqlalchemy.engine.Engine [cached since 112.3s ago] (UUID('1c2210ec-1dc9-4796-b50b-77c3243fed61'),)
2026-01-27 22:07:18,054 INFO sqlalchemy.engine.Engine SELECT companies.id, companies.name, companies.cage_code, companies.uei, companies.duns, companies.primary_naics, companies.size_standard, companies.address_line1, companies.address_line2, companies.city, companies.state, companies.zip_code, companies.country, companies.website, companies.linkedin_url, companies.employee_count, companies.founded_year, companies.description, companies.business_size, companies.certifications, companies.certification_details, companies.gsa_schedules, companies.contract_vehicles, companies.primary_naic_code, companies.service_areas, companies.facility_clearance, companies.geographic_coverage, companies.annual_revenue, companies.bonding_capacity, companies.teaming_partners, companies.typical_role, companies.settings, companies.created_at, companies.updated_at, companies.deleted_at 
FROM companies 
WHERE companies.id = $1::UUID
2026-01-27 22:07:18,054 INFO sqlalchemy.engine.Engine [cached since 463.4s ago] (UUID('96f87f05-c153-42d5-ad39-547cada8fa4b'),)
2026-01-27 22:07:18,316 INFO sqlalchemy.engine.Engine SELECT documents.id, documents.company_id, documents.document_type, documents.filename, documents.file_path, documents.file_size_bytes, documents.mime_type, documents.contract_number, documents.contract_title, documents.customer_agency, documents.customer_command, documents.customer_office, documents.contract_value, documents.contract_type, documents.period_of_performance_start, documents.period_of_performance_end, documents.naics_code, documents.psc_code, documents.clearance_level, documents.fte_count, documents.geographic_scope, documents.locations, documents.cpars_quality_rating, documents.cpars_schedule_rating, documents.cpars_cost_rating, documents.cpars_management_rating, documents.cpars_overall_rating, documents.raw_text, documents.parsed_content, documents.embedding, documents.processing_status, documents.processing_error, documents.processed_at, documents.tags, documents.notes, documents.created_by, documents.created_at, documents.updated_at, documents.deleted_at 
FROM documents 
WHERE documents.company_id = $1::UUID
2026-01-27 22:07:18,316 INFO sqlalchemy.engine.Engine [cached since 111.8s ago] (UUID('96f87f05-c153-42d5-ad39-547cada8fa4b'),)
2026-01-27 22:07:18,478 INFO sqlalchemy.engine.Engine SELECT opportunity_documents.id, opportunity_documents.opportunity_id, opportunity_documents.document_type, opportunity_documents.filename, opportunity_documents.file_path, opportunity_documents.file_size_bytes, opportunity_documents.mime_type, opportunity_documents.raw_text, opportunity_documents.parsed_requirements, opportunity_documents.embedding, opportunity_documents.processing_status, opportunity_documents.processing_error, opportunity_documents.processed_at, opportunity_documents.created_at, opportunity_documents.updated_at 
FROM opportunity_documents 
WHERE opportunity_documents.opportunity_id = $1::UUID
2026-01-27 22:07:18,478 INFO sqlalchemy.engine.Engine [cached since 111.8s ago] (UUID('1c2210ec-1dc9-4796-b50b-77c3243fed61'),)
2026-01-27 22:07:18,562 INFO sqlalchemy.engine.Engine SELECT analyses.id, analyses.company_id, analyses.opportunity_id, analyses.overall_relevance_score, analyses.scope_score, analyses.magnitude_score, analyses.complexity_score, analyses.recency_score, analyses.strengths, analyses.weaknesses, analyses.recommendations, analyses.gap_matrix, analyses.document_assessments, analyses.documents_analyzed, analyses.agent_confidence, analyses.go_no_go_recommendation, analyses.go_no_go_reasoning, analyses.requirements_matrix, analyses.requirements_summary, analyses.contract_assessments, analyses.red_flags, analyses.evaluator_perspective, analyses.overall_relevance_label, analyses.dimensional_scores, analyses.company_compliance, analyses.document_analysis, analyses.analysis_notes, analyses.user_notes, analyses.raw_llm_response, analyses.processing_time_seconds, analyses.tokens_used, analyses.model_version, analyses.created_by, analyses.created_at, analyses.updated_at, analyses.deleted_at 
FROM analyses 
WHERE analyses.opportunity_id = $1::UUID ORDER BY analyses.created_at DESC
2026-01-27 22:07:18,562 INFO sqlalchemy.engine.Engine [cached since 111.8s ago] (UUID('1c2210ec-1dc9-4796-b50b-77c3243fed61'),)
2026-01-27 22:07:18,727 INFO sqlalchemy.engine.Engine SELECT roxy_memories.id, roxy_memories.company_id, roxy_memories.memory_type, roxy_memories.content, roxy_memories.source, roxy_memories.confidence, roxy_memories.created_at, roxy_memories.updated_at 
FROM roxy_memories 
WHERE roxy_memories.company_id = $1::UUID ORDER BY roxy_memories.updated_at DESC 
 LIMIT $2::INTEGER
2026-01-27 22:07:18,727 INFO sqlalchemy.engine.Engine [cached since 111.9s ago] (UUID('96f87f05-c153-42d5-ad39-547cada8fa4b'), 20)
2026-01-27 22:07:18,820 INFO sqlalchemy.engine.Engine 
                        SELECT dc.document_id, dc.content, COALESCE(d.filename, od.filename) AS filename
                        FROM document_chunks dc
                        LEFT JOIN documents d ON d.id = dc.document_id
                        LEFT JOIN opportunity_documents od ON od.id = dc.document_id
                        WHERE (d.company_id = $1 OR od.opportunity_id = $2)
                        AND dc.content ILIKE ANY($3)
                        LIMIT $4
                        
2026-01-27 22:07:18,820 INFO sqlalchemy.engine.Engine [generated in 0.00056s] (UUID('96f87f05-c153-42d5-ad39-547cada8fa4b'), UUID('1c2210ec-1dc9-4796-b50b-77c3243fed61'), ['%certifications%', '%certification%', '%required%'], 6)
ROXY RAG: query='What certifications are required?' keywords=['certifications', 'certification', 'required'] chunks=1
2026-01-27 22:07:21,970 INFO sqlalchemy.engine.Engine SELECT document_text_positions.id, document_text_positions.document_id, document_text_positions.page_number, document_text_positions.text_content, document_text_positions.bounding_box, document_text_positions.created_at 
FROM document_text_positions 
WHERE document_text_positions.document_id = $1::UUID AND document_text_positions.text_content ILIKE $2::VARCHAR
2026-01-27 22:07:21,970 INFO sqlalchemy.engine.Engine [generated in 0.00034s] ('1d10e11d-1921-41fa-89da-2effc51744e3', '%The contractor shall possess ISO 27001 certification and CMMI Level 3.%')
2026-01-27 22:07:22,060 INFO sqlalchemy.engine.Engine INSERT INTO roxy_messages (id, session_id, role, content, citations, tool_used, created_at) VALUES ($1::UUID, $2::UUID, $3::VARCHAR, $4::VARCHAR, $5::JSONB, $6::VARCHAR, $7::TIMESTAMP WITHOUT TIME ZONE)
2026-01-27 22:07:22,060 INFO sqlalchemy.engine.Engine [cached since 115.8s ago] (UUID('45612618-89c6-4641-a2e9-1a45457f471e'), UUID('06d56ae0-7461-41bc-abcb-8b6b2d4b54db'), 'assistant', "Based on the excerpts provided, here are the required certifications:\n\n**Required:**\n- ISO 27001 certification\n- CMMI Level 3\n\nSource: test_con ... (110 characters truncated) ... :** You're missing CMMI Level 3, which appears to be mandatory. This is a compliance fail unless you can obtain it or team with a partner who has it.", '[{"id": "682b2db0-bd8c-42a6-8b58-2e8ae255e05c", "documentId": "1d10e11d-1921-41fa-89da-2effc51744e3", "documentName": "test_contract.txt", "pageNumbe ... (32 characters truncated) ... Snippet": "The contractor shall possess ISO 27001 certification and CMMI Level 3.", "boundingBox": {"x": 100, "y": 200, "width": 400, "height": 20}}]', None, datetime.datetime(2026, 1, 28, 3, 7, 22, 59917))
2026-01-27 22:07:22,144 INFO sqlalchemy.engine.Engine COMMIT
2026-01-27 22:07:22,707 INFO sqlalchemy.engine.Engine BEGIN (implicit)
2026-01-27 22:07:22,708 INFO sqlalchemy.engine.Engine SELECT roxy_messages.id, roxy_messages.session_id, roxy_messages.role, roxy_messages.content, roxy_messages.citations, roxy_messages.tool_used, roxy_messages.created_at 
FROM roxy_messages 
WHERE roxy_messages.id = $1::UUID
2026-01-27 22:07:22,709 INFO sqlalchemy.engine.Engine [generated in 0.00060s] (UUID('45612618-89c6-4641-a2e9-1a45457f471e'),)
INFO:     127.0.0.1:49413 - "GET /api/opportunities?org_id=96f87f05-c153-42d5-ad39-547cada8fa4b HTTP/1.1" 307 Temporary Redirect
2026-01-27 22:07:36,570 INFO sqlalchemy.engine.Engine BEGIN (implicit)
2026-01-27 22:07:36,571 INFO sqlalchemy.engine.Engine SELECT users.id, users.email, users.name, users.password_hash, users.auth_provider, users.auth_provider_id, users.avatar_url, users.is_active, users.last_login_at, users.created_at, users.updated_at, users.deleted_at 
FROM users 
WHERE users.email = $1::VARCHAR
2026-01-27 22:07:36,571 INFO sqlalchemy.engine.Engine [cached since 482.2s ago] ('admin@internal.local',)
2026-01-27 22:07:36,651 INFO sqlalchemy.engine.Engine SELECT user_companies.id, user_companies.user_id, user_companies.company_id, user_companies.role, user_companies.is_default, user_companies.created_at, user_companies.updated_at 
FROM user_companies 
WHERE user_companies.user_id = $1::UUID AND user_companies.company_id = $2::UUID
2026-01-27 22:07:36,651 INFO sqlalchemy.engine.Engine [cached since 482.1s ago] (UUID('64f538a2-4cfd-47a3-be23-9b9062a3565f'), UUID('96f87f05-c153-42d5-ad39-547cada8fa4b'))
2026-01-27 22:07:36,692 INFO sqlalchemy.engine.Engine SELECT opportunities.id, opportunities.company_id, opportunities.solicitation_number, opportunities.title, opportunities.agency, opportunities.sub_agency, opportunities.contracting_office, opportunities.naics_code, opportunities.psc_code, opportunities.estimated_value, opportunities.set_aside_type, opportunities.contract_type, opportunities.response_due_date, opportunities.questions_due_date, opportunities.award_date, opportunities.status, opportunities.source_url, opportunities.notes, opportunities.pipeline_stage, opportunities.is_hidden, opportunities.hidden_at, opportunities.hidden_reason, opportunities.is_no_bid, opportunities.no_bid_reason, opportunities.is_favorite, opportunities.created_by, opportunities.created_at, opportunities.updated_at, opportunities.deleted_at 
FROM opportunities 
WHERE opportunities.company_id = $1::UUID AND opportunities.is_hidden = false ORDER BY opportunities.response_due_date ASC
2026-01-27 22:07:36,692 INFO sqlalchemy.engine.Engine [cached since 132.1s ago] (UUID('96f87f05-c153-42d5-ad39-547cada8fa4b'),)
2026-01-27 22:07:36,778 INFO sqlalchemy.engine.Engine SELECT companies.id AS companies_id, companies.name AS companies_name, companies.cage_code AS companies_cage_code, companies.uei AS companies_uei, companies.duns AS companies_duns, companies.primary_naics AS companies_primary_naics, companies.size_standard AS companies_size_standard, companies.address_line1 AS companies_address_line1, companies.address_line2 AS companies_address_line2, companies.city AS companies_city, companies.state AS companies_state, companies.zip_code AS companies_zip_code, companies.country AS companies_country, companies.website AS companies_website, companies.linkedin_url AS companies_linkedin_url, companies.employee_count AS companies_employee_count, companies.founded_year AS companies_founded_year, companies.description AS companies_description, companies.business_size AS companies_business_size, companies.certifications AS companies_certifications, companies.certification_details AS companies_certification_details, companies.gsa_schedules AS companies_gsa_schedules, companies.contract_vehicles AS companies_contract_vehicles, companies.primary_naic_code AS companies_primary_naic_code, companies.service_areas AS companies_service_areas, companies.facility_clearance AS companies_facility_clearance, companies.geographic_coverage AS companies_geographic_coverage, companies.annual_revenue AS companies_annual_revenue, companies.bonding_capacity AS companies_bonding_capacity, companies.teaming_partners AS companies_teaming_partners, companies.typical_role AS companies_typical_role, companies.settings AS companies_settings, companies.created_at AS companies_created_at, companies.updated_at AS companies_updated_at, companies.deleted_at AS companies_deleted_at 
FROM companies 
WHERE companies.id IN ($1::UUID)
2026-01-27 22:07:36,778 INFO sqlalchemy.engine.Engine [cached since 132.1s ago] (UUID('96f87f05-c153-42d5-ad39-547cada8fa4b'),)
2026-01-27 22:07:37,036 INFO sqlalchemy.engine.Engine SELECT DISTINCT ON (analyses.opportunity_id) analyses.id, analyses.company_id, analyses.opportunity_id, analyses.overall_relevance_score, analyses.scope_score, analyses.magnitude_score, analyses.complexity_score, analyses.recency_score, analyses.strengths, analyses.weaknesses, analyses.recommendations, analyses.gap_matrix, analyses.document_assessments, analyses.documents_analyzed, analyses.agent_confidence, analyses.go_no_go_recommendation, analyses.go_no_go_reasoning, analyses.requirements_matrix, analyses.requirements_summary, analyses.contract_assessments, analyses.red_flags, analyses.evaluator_perspective, analyses.overall_relevance_label, analyses.dimensional_scores, analyses.company_compliance, analyses.document_analysis, analyses.analysis_notes, analyses.user_notes, analyses.raw_llm_response, analyses.processing_time_seconds, analyses.tokens_used, analyses.model_version, analyses.created_by, analyses.created_at, analyses.updated_at, analyses.deleted_at 
FROM analyses 
WHERE analyses.opportunity_id IN ($1::UUID, $2::UUID, $3::UUID, $4::UUID, $5::UUID) ORDER BY analyses.opportunity_id, analyses.created_at DESC
2026-01-27 22:07:37,036 INFO sqlalchemy.engine.Engine [cached since 132.2s ago] (UUID('9b380ddc-a884-4ed9-84ba-3078657a5fc0'), UUID('4ee143cc-b927-4341-926e-1a83087f0c1e'), UUID('1c2210ec-1dc9-4796-b50b-77c3243fed61'), UUID('b19c1c59-43b4-4a37-9ee5-3d72b33db6fa'), UUID('2db34631-b550-4170-b9fe-1213dd042c5b'))
2026-01-27 22:07:37,204 INFO sqlalchemy.engine.Engine ROLLBACK
INFO:     127.0.0.1:49413 - "GET /api/opportunities/?org_id=96f87f05-c153-42d5-ad39-547cada8fa4b HTTP/1.1" 200 OK
INFO:     127.0.0.1:49415 - "GET /api/opportunities?org_id=1dd65b3e-45b0-4750-a89b-ed96548a52e3 HTTP/1.1" 307 Temporary Redirect
2026-01-27 22:07:37,264 INFO sqlalchemy.engine.Engine BEGIN (implicit)
2026-01-27 22:07:37,264 INFO sqlalchemy.engine.Engine SELECT users.id, users.email, users.name, users.password_hash, users.auth_provider, users.auth_provider_id, users.avatar_url, users.is_active, users.last_login_at, users.created_at, users.updated_at, users.deleted_at 
FROM users 
WHERE users.email = $1::VARCHAR
2026-01-27 22:07:37,264 INFO sqlalchemy.engine.Engine [cached since 482.9s ago] ('admin@internal.local',)
2026-01-27 22:07:37,345 INFO sqlalchemy.engine.Engine SELECT user_companies.id, user_companies.user_id, user_companies.company_id, user_companies.role, user_companies.is_default, user_companies.created_at, user_companies.updated_at 
FROM user_companies 
WHERE user_companies.user_id = $1::UUID AND user_companies.company_id = $2::UUID
2026-01-27 22:07:37,345 INFO sqlalchemy.engine.Engine [cached since 482.8s ago] (UUID('64f538a2-4cfd-47a3-be23-9b9062a3565f'), UUID('1dd65b3e-45b0-4750-a89b-ed96548a52e3'))
2026-01-27 22:07:37,385 INFO sqlalchemy.engine.Engine SELECT opportunities.id, opportunities.company_id, opportunities.solicitation_number, opportunities.title, opportunities.agency, opportunities.sub_agency, opportunities.contracting_office, opportunities.naics_code, opportunities.psc_code, opportunities.estimated_value, opportunities.set_aside_type, opportunities.contract_type, opportunities.response_due_date, opportunities.questions_due_date, opportunities.award_date, opportunities.status, opportunities.source_url, opportunities.notes, opportunities.pipeline_stage, opportunities.is_hidden, opportunities.hidden_at, opportunities.hidden_reason, opportunities.is_no_bid, opportunities.no_bid_reason, opportunities.is_favorite, opportunities.created_by, opportunities.created_at, opportunities.updated_at, opportunities.deleted_at 
FROM opportunities 
WHERE opportunities.company_id = $1::UUID AND opportunities.is_hidden = false ORDER BY opportunities.response_due_date ASC
2026-01-27 22:07:37,385 INFO sqlalchemy.engine.Engine [cached since 132.8s ago] (UUID('1dd65b3e-45b0-4750-a89b-ed96548a52e3'),)
2026-01-27 22:07:37,469 INFO sqlalchemy.engine.Engine SELECT companies.id AS companies_id, companies.name AS companies_name, companies.cage_code AS companies_cage_code, companies.uei AS companies_uei, companies.duns AS companies_duns, companies.primary_naics AS companies_primary_naics, companies.size_standard AS companies_size_standard, companies.address_line1 AS companies_address_line1, companies.address_line2 AS companies_address_line2, companies.city AS companies_city, companies.state AS companies_state, companies.zip_code AS companies_zip_code, companies.country AS companies_country, companies.website AS companies_website, companies.linkedin_url AS companies_linkedin_url, companies.employee_count AS companies_employee_count, companies.founded_year AS companies_founded_year, companies.description AS companies_description, companies.business_size AS companies_business_size, companies.certifications AS companies_certifications, companies.certification_details AS companies_certification_details, companies.gsa_schedules AS companies_gsa_schedules, companies.contract_vehicles AS companies_contract_vehicles, companies.primary_naic_code AS companies_primary_naic_code, companies.service_areas AS companies_service_areas, companies.facility_clearance AS companies_facility_clearance, companies.geographic_coverage AS companies_geographic_coverage, companies.annual_revenue AS companies_annual_revenue, companies.bonding_capacity AS companies_bonding_capacity, companies.teaming_partners AS companies_teaming_partners, companies.typical_role AS companies_typical_role, companies.settings AS companies_settings, companies.created_at AS companies_created_at, companies.updated_at AS companies_updated_at, companies.deleted_at AS companies_deleted_at 
FROM companies 
WHERE companies.id IN ($1::UUID)
2026-01-27 22:07:37,469 INFO sqlalchemy.engine.Engine [cached since 132.7s ago] (UUID('1dd65b3e-45b0-4750-a89b-ed96548a52e3'),)
2026-01-27 22:07:38,558 INFO sqlalchemy.engine.Engine SELECT DISTINCT ON (analyses.opportunity_id) analyses.id, analyses.company_id, analyses.opportunity_id, analyses.overall_relevance_score, analyses.scope_score, analyses.magnitude_score, analyses.complexity_score, analyses.recency_score, analyses.strengths, analyses.weaknesses, analyses.recommendations, analyses.gap_matrix, analyses.document_assessments, analyses.documents_analyzed, analyses.agent_confidence, analyses.go_no_go_recommendation, analyses.go_no_go_reasoning, analyses.requirements_matrix, analyses.requirements_summary, analyses.contract_assessments, analyses.red_flags, analyses.evaluator_perspective, analyses.overall_relevance_label, analyses.dimensional_scores, analyses.company_compliance, analyses.document_analysis, analyses.analysis_notes, analyses.user_notes, analyses.raw_llm_response, analyses.processing_time_seconds, analyses.tokens_used, analyses.model_version, analyses.created_by, analyses.created_at, analyses.updated_at, analyses.deleted_at 
FROM analyses 
WHERE analyses.opportunity_id IN ($1::UUID) ORDER BY analyses.opportunity_id, analyses.created_at DESC
2026-01-27 22:07:38,558 INFO sqlalchemy.engine.Engine [cached since 133.7s ago] (UUID('2042ad93-4b7b-49e5-a4ca-0bbe8e32a82e'),)
2026-01-27 22:07:38,899 INFO sqlalchemy.engine.Engine ROLLBACK
INFO:     127.0.0.1:49415 - "GET /api/opportunities/?org_id=1dd65b3e-45b0-4750-a89b-ed96548a52e3 HTTP/1.1" 200 OK
INFO:     127.0.0.1:49419 - "GET /api/opportunities?org_id=96f87f05-c153-42d5-ad39-547cada8fa4b HTTP/1.1" 307 Temporary Redirect
2026-01-27 22:07:47,711 INFO sqlalchemy.engine.Engine BEGIN (implicit)
2026-01-27 22:07:47,711 INFO sqlalchemy.engine.Engine SELECT users.id, users.email, users.name, users.password_hash, users.auth_provider, users.auth_provider_id, users.avatar_url, users.is_active, users.last_login_at, users.created_at, users.updated_at, users.deleted_at 
FROM users 
WHERE users.email = $1::VARCHAR
2026-01-27 22:07:47,711 INFO sqlalchemy.engine.Engine [cached since 493.3s ago] ('admin@internal.local',)
2026-01-27 22:07:47,835 INFO sqlalchemy.engine.Engine SELECT user_companies.id, user_companies.user_id, user_companies.company_id, user_companies.role, user_companies.is_default, user_companies.created_at, user_companies.updated_at 
FROM user_companies 
WHERE user_companies.user_id = $1::UUID AND user_companies.company_id = $2::UUID
2026-01-27 22:07:47,835 INFO sqlalchemy.engine.Engine [cached since 493.3s ago] (UUID('64f538a2-4cfd-47a3-be23-9b9062a3565f'), UUID('96f87f05-c153-42d5-ad39-547cada8fa4b'))
2026-01-27 22:07:47,918 INFO sqlalchemy.engine.Engine SELECT opportunities.id, opportunities.company_id, opportunities.solicitation_number, opportunities.title, opportunities.agency, opportunities.sub_agency, opportunities.contracting_office, opportunities.naics_code, opportunities.psc_code, opportunities.estimated_value, opportunities.set_aside_type, opportunities.contract_type, opportunities.response_due_date, opportunities.questions_due_date, opportunities.award_date, opportunities.status, opportunities.source_url, opportunities.notes, opportunities.pipeline_stage, opportunities.is_hidden, opportunities.hidden_at, opportunities.hidden_reason, opportunities.is_no_bid, opportunities.no_bid_reason, opportunities.is_favorite, opportunities.created_by, opportunities.created_at, opportunities.updated_at, opportunities.deleted_at 
FROM opportunities 
WHERE opportunities.company_id = $1::UUID AND opportunities.is_hidden = false ORDER BY opportunities.response_due_date ASC
2026-01-27 22:07:47,918 INFO sqlalchemy.engine.Engine [cached since 143.3s ago] (UUID('96f87f05-c153-42d5-ad39-547cada8fa4b'),)
2026-01-27 22:07:48,002 INFO sqlalchemy.engine.Engine SELECT companies.id AS companies_id, companies.name AS companies_name, companies.cage_code AS companies_cage_code, companies.uei AS companies_uei, companies.duns AS companies_duns, companies.primary_naics AS companies_primary_naics, companies.size_standard AS companies_size_standard, companies.address_line1 AS companies_address_line1, companies.address_line2 AS companies_address_line2, companies.city AS companies_city, companies.state AS companies_state, companies.zip_code AS companies_zip_code, companies.country AS companies_country, companies.website AS companies_website, companies.linkedin_url AS companies_linkedin_url, companies.employee_count AS companies_employee_count, companies.founded_year AS companies_founded_year, companies.description AS companies_description, companies.business_size AS companies_business_size, companies.certifications AS companies_certifications, companies.certification_details AS companies_certification_details, companies.gsa_schedules AS companies_gsa_schedules, companies.contract_vehicles AS companies_contract_vehicles, companies.primary_naic_code AS companies_primary_naic_code, companies.service_areas AS companies_service_areas, companies.facility_clearance AS companies_facility_clearance, companies.geographic_coverage AS companies_geographic_coverage, companies.annual_revenue AS companies_annual_revenue, companies.bonding_capacity AS companies_bonding_capacity, companies.teaming_partners AS companies_teaming_partners, companies.typical_role AS companies_typical_role, companies.settings AS companies_settings, companies.created_at AS companies_created_at, companies.updated_at AS companies_updated_at, companies.deleted_at AS companies_deleted_at 
FROM companies 
WHERE companies.id IN ($1::UUID)
2026-01-27 22:07:48,003 INFO sqlalchemy.engine.Engine [cached since 143.3s ago] (UUID('96f87f05-c153-42d5-ad39-547cada8fa4b'),)
2026-01-27 22:07:48,121 INFO sqlalchemy.engine.Engine SELECT DISTINCT ON (analyses.opportunity_id) analyses.id, analyses.company_id, analyses.opportunity_id, analyses.overall_relevance_score, analyses.scope_score, analyses.magnitude_score, analyses.complexity_score, analyses.recency_score, analyses.strengths, analyses.weaknesses, analyses.recommendations, analyses.gap_matrix, analyses.document_assessments, analyses.documents_analyzed, analyses.agent_confidence, analyses.go_no_go_recommendation, analyses.go_no_go_reasoning, analyses.requirements_matrix, analyses.requirements_summary, analyses.contract_assessments, analyses.red_flags, analyses.evaluator_perspective, analyses.overall_relevance_label, analyses.dimensional_scores, analyses.company_compliance, analyses.document_analysis, analyses.analysis_notes, analyses.user_notes, analyses.raw_llm_response, analyses.processing_time_seconds, analyses.tokens_used, analyses.model_version, analyses.created_by, analyses.created_at, analyses.updated_at, analyses.deleted_at 
FROM analyses 
WHERE analyses.opportunity_id IN ($1::UUID, $2::UUID, $3::UUID, $4::UUID, $5::UUID) ORDER BY analyses.opportunity_id, analyses.created_at DESC
2026-01-27 22:07:48,121 INFO sqlalchemy.engine.Engine [cached since 143.3s ago] (UUID('9b380ddc-a884-4ed9-84ba-3078657a5fc0'), UUID('4ee143cc-b927-4341-926e-1a83087f0c1e'), UUID('1c2210ec-1dc9-4796-b50b-77c3243fed61'), UUID('b19c1c59-43b4-4a37-9ee5-3d72b33db6fa'), UUID('2db34631-b550-4170-b9fe-1213dd042c5b'))
2026-01-27 22:07:48,204 INFO sqlalchemy.engine.Engine ROLLBACK
INFO:     127.0.0.1:49419 - "GET /api/opportunities/?org_id=96f87f05-c153-42d5-ad39-547cada8fa4b HTTP/1.1" 200 OK
INFO:     127.0.0.1:49432 - "GET /api/opportunities?org_id=96f87f05-c153-42d5-ad39-547cada8fa4b HTTP/1.1" 307 Temporary Redirect
2026-01-27 22:07:59,137 INFO sqlalchemy.engine.Engine BEGIN (implicit)
2026-01-27 22:07:59,137 INFO sqlalchemy.engine.Engine SELECT users.id, users.email, users.name, users.password_hash, users.auth_provider, users.auth_provider_id, users.avatar_url, users.is_active, users.last_login_at, users.created_at, users.updated_at, users.deleted_at 
FROM users 
WHERE users.email = $1::VARCHAR
2026-01-27 22:07:59,137 INFO sqlalchemy.engine.Engine [cached since 504.8s ago] ('admin@internal.local',)
2026-01-27 22:07:59,221 INFO sqlalchemy.engine.Engine SELECT user_companies.id, user_companies.user_id, user_companies.company_id, user_companies.role, user_companies.is_default, user_companies.created_at, user_companies.updated_at 
FROM user_companies 
WHERE user_companies.user_id = $1::UUID AND user_companies.company_id = $2::UUID
2026-01-27 22:07:59,221 INFO sqlalchemy.engine.Engine [cached since 504.7s ago] (UUID('64f538a2-4cfd-47a3-be23-9b9062a3565f'), UUID('96f87f05-c153-42d5-ad39-547cada8fa4b'))
2026-01-27 22:07:59,263 INFO sqlalchemy.engine.Engine SELECT opportunities.id, opportunities.company_id, opportunities.solicitation_number, opportunities.title, opportunities.agency, opportunities.sub_agency, opportunities.contracting_office, opportunities.naics_code, opportunities.psc_code, opportunities.estimated_value, opportunities.set_aside_type, opportunities.contract_type, opportunities.response_due_date, opportunities.questions_due_date, opportunities.award_date, opportunities.status, opportunities.source_url, opportunities.notes, opportunities.pipeline_stage, opportunities.is_hidden, opportunities.hidden_at, opportunities.hidden_reason, opportunities.is_no_bid, opportunities.no_bid_reason, opportunities.is_favorite, opportunities.created_by, opportunities.created_at, opportunities.updated_at, opportunities.deleted_at 
FROM opportunities 
WHERE opportunities.company_id = $1::UUID AND opportunities.is_hidden = false ORDER BY opportunities.response_due_date ASC
2026-01-27 22:07:59,263 INFO sqlalchemy.engine.Engine [cached since 154.6s ago] (UUID('96f87f05-c153-42d5-ad39-547cada8fa4b'),)
2026-01-27 22:07:59,303 INFO sqlalchemy.engine.Engine SELECT companies.id AS companies_id, companies.name AS companies_name, companies.cage_code AS companies_cage_code, companies.uei AS companies_uei, companies.duns AS companies_duns, companies.primary_naics AS companies_primary_naics, companies.size_standard AS companies_size_standard, companies.address_line1 AS companies_address_line1, companies.address_line2 AS companies_address_line2, companies.city AS companies_city, companies.state AS companies_state, companies.zip_code AS companies_zip_code, companies.country AS companies_country, companies.website AS companies_website, companies.linkedin_url AS companies_linkedin_url, companies.employee_count AS companies_employee_count, companies.founded_year AS companies_founded_year, companies.description AS companies_description, companies.business_size AS companies_business_size, companies.certifications AS companies_certifications, companies.certification_details AS companies_certification_details, companies.gsa_schedules AS companies_gsa_schedules, companies.contract_vehicles AS companies_contract_vehicles, companies.primary_naic_code AS companies_primary_naic_code, companies.service_areas AS companies_service_areas, companies.facility_clearance AS companies_facility_clearance, companies.geographic_coverage AS companies_geographic_coverage, companies.annual_revenue AS companies_annual_revenue, companies.bonding_capacity AS companies_bonding_capacity, companies.teaming_partners AS companies_teaming_partners, companies.typical_role AS companies_typical_role, companies.settings AS companies_settings, companies.created_at AS companies_created_at, companies.updated_at AS companies_updated_at, companies.deleted_at AS companies_deleted_at 
FROM companies 
WHERE companies.id IN ($1::UUID)
2026-01-27 22:07:59,303 INFO sqlalchemy.engine.Engine [cached since 154.6s ago] (UUID('96f87f05-c153-42d5-ad39-547cada8fa4b'),)
2026-01-27 22:07:59,342 INFO sqlalchemy.engine.Engine SELECT DISTINCT ON (analyses.opportunity_id) analyses.id, analyses.company_id, analyses.opportunity_id, analyses.overall_relevance_score, analyses.scope_score, analyses.magnitude_score, analyses.complexity_score, analyses.recency_score, analyses.strengths, analyses.weaknesses, analyses.recommendations, analyses.gap_matrix, analyses.document_assessments, analyses.documents_analyzed, analyses.agent_confidence, analyses.go_no_go_recommendation, analyses.go_no_go_reasoning, analyses.requirements_matrix, analyses.requirements_summary, analyses.contract_assessments, analyses.red_flags, analyses.evaluator_perspective, analyses.overall_relevance_label, analyses.dimensional_scores, analyses.company_compliance, analyses.document_analysis, analyses.analysis_notes, analyses.user_notes, analyses.raw_llm_response, analyses.processing_time_seconds, analyses.tokens_used, analyses.model_version, analyses.created_by, analyses.created_at, analyses.updated_at, analyses.deleted_at 
FROM analyses 
WHERE analyses.opportunity_id IN ($1::UUID, $2::UUID, $3::UUID, $4::UUID, $5::UUID) ORDER BY analyses.opportunity_id, analyses.created_at DESC
2026-01-27 22:07:59,342 INFO sqlalchemy.engine.Engine [cached since 154.5s ago] (UUID('9b380ddc-a884-4ed9-84ba-3078657a5fc0'), UUID('4ee143cc-b927-4341-926e-1a83087f0c1e'), UUID('1c2210ec-1dc9-4796-b50b-77c3243fed61'), UUID('b19c1c59-43b4-4a37-9ee5-3d72b33db6fa'), UUID('2db34631-b550-4170-b9fe-1213dd042c5b'))
2026-01-27 22:07:59,384 INFO sqlalchemy.engine.Engine ROLLBACK
INFO:     127.0.0.1:49432 - "GET /api/opportunities/?org_id=96f87f05-c153-42d5-ad39-547cada8fa4b HTTP/1.1" 200 OK
INFO:     127.0.0.1:49434 - "GET /api/opportunities?org_id=1dd65b3e-45b0-4750-a89b-ed96548a52e3 HTTP/1.1" 307 Temporary Redirect
2026-01-27 22:07:59,443 INFO sqlalchemy.engine.Engine BEGIN (implicit)
2026-01-27 22:07:59,443 INFO sqlalchemy.engine.Engine SELECT users.id, users.email, users.name, users.password_hash, users.auth_provider, users.auth_provider_id, users.avatar_url, users.is_active, users.last_login_at, users.created_at, users.updated_at, users.deleted_at 
FROM users 
WHERE users.email = $1::VARCHAR
2026-01-27 22:07:59,443 INFO sqlalchemy.engine.Engine [cached since 505.1s ago] ('admin@internal.local',)
2026-01-27 22:07:59,531 INFO sqlalchemy.engine.Engine SELECT user_companies.id, user_companies.user_id, user_companies.company_id, user_companies.role, user_companies.is_default, user_companies.created_at, user_companies.updated_at 
FROM user_companies 
WHERE user_companies.user_id = $1::UUID AND user_companies.company_id = $2::UUID
2026-01-27 22:07:59,531 INFO sqlalchemy.engine.Engine [cached since 505s ago] (UUID('64f538a2-4cfd-47a3-be23-9b9062a3565f'), UUID('1dd65b3e-45b0-4750-a89b-ed96548a52e3'))
2026-01-27 22:07:59,572 INFO sqlalchemy.engine.Engine SELECT opportunities.id, opportunities.company_id, opportunities.solicitation_number, opportunities.title, opportunities.agency, opportunities.sub_agency, opportunities.contracting_office, opportunities.naics_code, opportunities.psc_code, opportunities.estimated_value, opportunities.set_aside_type, opportunities.contract_type, opportunities.response_due_date, opportunities.questions_due_date, opportunities.award_date, opportunities.status, opportunities.source_url, opportunities.notes, opportunities.pipeline_stage, opportunities.is_hidden, opportunities.hidden_at, opportunities.hidden_reason, opportunities.is_no_bid, opportunities.no_bid_reason, opportunities.is_favorite, opportunities.created_by, opportunities.created_at, opportunities.updated_at, opportunities.deleted_at 
FROM opportunities 
WHERE opportunities.company_id = $1::UUID AND opportunities.is_hidden = false ORDER BY opportunities.response_due_date ASC
2026-01-27 22:07:59,572 INFO sqlalchemy.engine.Engine [cached since 154.9s ago] (UUID('1dd65b3e-45b0-4750-a89b-ed96548a52e3'),)
2026-01-27 22:07:59,613 INFO sqlalchemy.engine.Engine SELECT companies.id AS companies_id, companies.name AS companies_name, companies.cage_code AS companies_cage_code, companies.uei AS companies_uei, companies.duns AS companies_duns, companies.primary_naics AS companies_primary_naics, companies.size_standard AS companies_size_standard, companies.address_line1 AS companies_address_line1, companies.address_line2 AS companies_address_line2, companies.city AS companies_city, companies.state AS companies_state, companies.zip_code AS companies_zip_code, companies.country AS companies_country, companies.website AS companies_website, companies.linkedin_url AS companies_linkedin_url, companies.employee_count AS companies_employee_count, companies.founded_year AS companies_founded_year, companies.description AS companies_description, companies.business_size AS companies_business_size, companies.certifications AS companies_certifications, companies.certification_details AS companies_certification_details, companies.gsa_schedules AS companies_gsa_schedules, companies.contract_vehicles AS companies_contract_vehicles, companies.primary_naic_code AS companies_primary_naic_code, companies.service_areas AS companies_service_areas, companies.facility_clearance AS companies_facility_clearance, companies.geographic_coverage AS companies_geographic_coverage, companies.annual_revenue AS companies_annual_revenue, companies.bonding_capacity AS companies_bonding_capacity, companies.teaming_partners AS companies_teaming_partners, companies.typical_role AS companies_typical_role, companies.settings AS companies_settings, companies.created_at AS companies_created_at, companies.updated_at AS companies_updated_at, companies.deleted_at AS companies_deleted_at 
FROM companies 
WHERE companies.id IN ($1::UUID)
2026-01-27 22:07:59,613 INFO sqlalchemy.engine.Engine [cached since 154.9s ago] (UUID('1dd65b3e-45b0-4750-a89b-ed96548a52e3'),)
2026-01-27 22:07:59,652 INFO sqlalchemy.engine.Engine SELECT DISTINCT ON (analyses.opportunity_id) analyses.id, analyses.company_id, analyses.opportunity_id, analyses.overall_relevance_score, analyses.scope_score, analyses.magnitude_score, analyses.complexity_score, analyses.recency_score, analyses.strengths, analyses.weaknesses, analyses.recommendations, analyses.gap_matrix, analyses.document_assessments, analyses.documents_analyzed, analyses.agent_confidence, analyses.go_no_go_recommendation, analyses.go_no_go_reasoning, analyses.requirements_matrix, analyses.requirements_summary, analyses.contract_assessments, analyses.red_flags, analyses.evaluator_perspective, analyses.overall_relevance_label, analyses.dimensional_scores, analyses.company_compliance, analyses.document_analysis, analyses.analysis_notes, analyses.user_notes, analyses.raw_llm_response, analyses.processing_time_seconds, analyses.tokens_used, analyses.model_version, analyses.created_by, analyses.created_at, analyses.updated_at, analyses.deleted_at 
FROM analyses 
WHERE analyses.opportunity_id IN ($1::UUID) ORDER BY analyses.opportunity_id, analyses.created_at DESC
2026-01-27 22:07:59,652 INFO sqlalchemy.engine.Engine [cached since 154.8s ago] (UUID('2042ad93-4b7b-49e5-a4ca-0bbe8e32a82e'),)
2026-01-27 22:07:59,771 INFO sqlalchemy.engine.Engine ROLLBACK
INFO:     127.0.0.1:49434 - "GET /api/opportunities/?org_id=1dd65b3e-45b0-4750-a89b-ed96548a52e3 HTTP/1.1" 200 OK
2026-01-27 22:08:04,029 INFO sqlalchemy.engine.Engine BEGIN (implicit)
2026-01-27 22:08:04,029 INFO sqlalchemy.engine.Engine SELECT users.id, users.email, users.name, users.password_hash, users.auth_provider, users.auth_provider_id, users.avatar_url, users.is_active, users.last_login_at, users.created_at, users.updated_at, users.deleted_at 
FROM users 
WHERE users.email = $1::VARCHAR
2026-01-27 22:08:04,029 INFO sqlalchemy.engine.Engine [cached since 509.7s ago] ('admin@internal.local',)
2026-01-27 22:08:04,256 INFO sqlalchemy.engine.Engine SELECT user_companies.id, user_companies.user_id, user_companies.company_id, user_companies.role, user_companies.is_default, user_companies.created_at, user_companies.updated_at 
FROM user_companies 
WHERE user_companies.user_id = $1::UUID AND user_companies.company_id = $2::UUID
2026-01-27 22:08:04,256 INFO sqlalchemy.engine.Engine [cached since 509.7s ago] (UUID('64f538a2-4cfd-47a3-be23-9b9062a3565f'), UUID('1dd65b3e-45b0-4750-a89b-ed96548a52e3'))
2026-01-27 22:08:04,296 INFO sqlalchemy.engine.Engine SELECT companies.id, companies.name, companies.cage_code, companies.uei, companies.duns, companies.primary_naics, companies.size_standard, companies.address_line1, companies.address_line2, companies.city, companies.state, companies.zip_code, companies.country, companies.website, companies.linkedin_url, companies.employee_count, companies.founded_year, companies.description, companies.business_size, companies.certifications, companies.certification_details, companies.gsa_schedules, companies.contract_vehicles, companies.primary_naic_code, companies.service_areas, companies.facility_clearance, companies.geographic_coverage, companies.annual_revenue, companies.bonding_capacity, companies.teaming_partners, companies.typical_role, companies.settings, companies.created_at, companies.updated_at, companies.deleted_at 
FROM companies 
WHERE companies.id = $1::UUID
2026-01-27 22:08:04,296 INFO sqlalchemy.engine.Engine [cached since 509.7s ago] (UUID('1dd65b3e-45b0-4750-a89b-ed96548a52e3'),)
2026-01-27 22:08:04,336 INFO sqlalchemy.engine.Engine SELECT company_profiles.id, company_profiles.name, company_profiles.naics_codes, company_profiles.certifications, company_profiles.clearances, company_profiles.set_asides, company_profiles.employee_count, company_profiles.annual_revenue, company_profiles.bonding_capacity, company_profiles.cage_code, company_profiles.duns_number, company_profiles.created_at, company_profiles.updated_at 
FROM company_profiles 
WHERE company_profiles.id = $1::UUID
2026-01-27 22:08:04,337 INFO sqlalchemy.engine.Engine [cached since 509.4s ago] (UUID('1dd65b3e-45b0-4750-a89b-ed96548a52e3'),)
2026-01-27 22:08:04,417 INFO sqlalchemy.engine.Engine SELECT documents.id, documents.company_id, documents.document_type, documents.filename, documents.file_path, documents.file_size_bytes, documents.mime_type, documents.contract_number, documents.contract_title, documents.customer_agency, documents.customer_command, documents.customer_office, documents.contract_value, documents.contract_type, documents.period_of_performance_start, documents.period_of_performance_end, documents.naics_code, documents.psc_code, documents.clearance_level, documents.fte_count, documents.geographic_scope, documents.locations, documents.cpars_quality_rating, documents.cpars_schedule_rating, documents.cpars_cost_rating, documents.cpars_management_rating, documents.cpars_overall_rating, documents.raw_text, documents.parsed_content, documents.embedding, documents.processing_status, documents.processing_error, documents.processed_at, documents.tags, documents.notes, documents.created_by, documents.created_at, documents.updated_at, documents.deleted_at 
FROM documents 
WHERE documents.company_id = $1::UUID AND documents.deleted_at IS NULL
2026-01-27 22:08:04,418 INFO sqlalchemy.engine.Engine [cached since 439.2s ago] (UUID('1dd65b3e-45b0-4750-a89b-ed96548a52e3'),)
2026-01-27 22:08:04,539 INFO sqlalchemy.engine.Engine ROLLBACK
INFO:     127.0.0.1:49436 - "GET /api/company-profile?org_id=1dd65b3e-45b0-4750-a89b-ed96548a52e3 HTTP/1.1" 200 OK
INFO:     127.0.0.1:50436 - "GET /api/health HTTP/1.1" 200 OK
2026-01-27 22:17:14,813 INFO sqlalchemy.engine.Engine BEGIN (implicit)
2026-01-27 22:17:14,813 INFO sqlalchemy.engine.Engine SELECT users.id, users.email, users.name, users.password_hash, users.auth_provider, users.auth_provider_id, users.avatar_url, users.is_active, users.last_login_at, users.created_at, users.updated_at, users.deleted_at 
FROM users 
WHERE users.email = $1::VARCHAR
2026-01-27 22:17:14,813 INFO sqlalchemy.engine.Engine [cached since 1060s ago] ('admin@internal.local',)
2026-01-27 22:17:14,965 INFO sqlalchemy.engine.Engine SELECT companies.id, companies.name, companies.cage_code, companies.uei, companies.duns, companies.primary_naics, companies.size_standard, companies.address_line1, companies.address_line2, companies.city, companies.state, companies.zip_code, companies.country, companies.website, companies.linkedin_url, companies.employee_count, companies.founded_year, companies.description, companies.business_size, companies.certifications, companies.certification_details, companies.gsa_schedules, companies.contract_vehicles, companies.primary_naic_code, companies.service_areas, companies.facility_clearance, companies.geographic_coverage, companies.annual_revenue, companies.bonding_capacity, companies.teaming_partners, companies.typical_role, companies.settings, companies.created_at, companies.updated_at, companies.deleted_at 
FROM companies JOIN user_companies ON user_companies.company_id = companies.id 
WHERE user_companies.user_id = $1::UUID
2026-01-27 22:17:14,966 INFO sqlalchemy.engine.Engine [generated in 0.00028s] (UUID('64f538a2-4cfd-47a3-be23-9b9062a3565f'),)
2026-01-27 22:17:15,176 INFO sqlalchemy.engine.Engine ROLLBACK
INFO:     127.0.0.1:50441 - "GET /api/companies/ HTTP/1.1" 200 OK
2026-01-27 22:17:26,343 INFO sqlalchemy.engine.Engine BEGIN (implicit)
2026-01-27 22:17:26,343 INFO sqlalchemy.engine.Engine SELECT users.id, users.email, users.name, users.password_hash, users.auth_provider, users.auth_provider_id, users.avatar_url, users.is_active, users.last_login_at, users.created_at, users.updated_at, users.deleted_at 
FROM users 
WHERE users.email = $1::VARCHAR
2026-01-27 22:17:26,343 INFO sqlalchemy.engine.Engine [cached since 1072s ago] ('admin@internal.local',)
2026-01-27 22:17:26,491 INFO sqlalchemy.engine.Engine SELECT companies.id, companies.name, companies.cage_code, companies.uei, companies.duns, companies.primary_naics, companies.size_standard, companies.address_line1, companies.address_line2, companies.city, companies.state, companies.zip_code, companies.country, companies.website, companies.linkedin_url, companies.employee_count, companies.founded_year, companies.description, companies.business_size, companies.certifications, companies.certification_details, companies.gsa_schedules, companies.contract_vehicles, companies.primary_naic_code, companies.service_areas, companies.facility_clearance, companies.geographic_coverage, companies.annual_revenue, companies.bonding_capacity, companies.teaming_partners, companies.typical_role, companies.settings, companies.created_at, companies.updated_at, companies.deleted_at 
FROM companies JOIN user_companies ON user_companies.company_id = companies.id 
WHERE user_companies.user_id = $1::UUID
2026-01-27 22:17:26,491 INFO sqlalchemy.engine.Engine [cached since 11.53s ago] (UUID('64f538a2-4cfd-47a3-be23-9b9062a3565f'),)
2026-01-27 22:17:26,696 INFO sqlalchemy.engine.Engine ROLLBACK
INFO:     127.0.0.1:50444 - "GET /api/companies/ HTTP/1.1" 200 OK
INFO:     127.0.0.1:52038 - "GET /api/companies HTTP/1.1" 307 Temporary Redirect
2026-01-27 22:34:22,124 INFO sqlalchemy.engine.Engine BEGIN (implicit)
2026-01-27 22:34:22,125 INFO sqlalchemy.engine.Engine SELECT users.id, users.email, users.name, users.password_hash, users.auth_provider, users.auth_provider_id, users.avatar_url, users.is_active, users.last_login_at, users.created_at, users.updated_at, users.deleted_at 
FROM users 
WHERE users.email = $1::VARCHAR
2026-01-27 22:34:22,125 INFO sqlalchemy.engine.Engine [cached since 2088s ago] ('admin@internal.local',)
2026-01-27 22:34:22,280 INFO sqlalchemy.engine.Engine SELECT companies.id, companies.name, companies.cage_code, companies.uei, companies.duns, companies.primary_naics, companies.size_standard, companies.address_line1, companies.address_line2, companies.city, companies.state, companies.zip_code, companies.country, companies.website, companies.linkedin_url, companies.employee_count, companies.founded_year, companies.description, companies.business_size, companies.certifications, companies.certification_details, companies.gsa_schedules, companies.contract_vehicles, companies.primary_naic_code, companies.service_areas, companies.facility_clearance, companies.geographic_coverage, companies.annual_revenue, companies.bonding_capacity, companies.teaming_partners, companies.typical_role, companies.settings, companies.created_at, companies.updated_at, companies.deleted_at 
FROM companies JOIN user_companies ON user_companies.company_id = companies.id 
WHERE user_companies.user_id = $1::UUID
2026-01-27 22:34:22,280 INFO sqlalchemy.engine.Engine [cached since 1027s ago] (UUID('64f538a2-4cfd-47a3-be23-9b9062a3565f'),)
2026-01-27 22:34:22,487 INFO sqlalchemy.engine.Engine ROLLBACK
INFO:     127.0.0.1:52544 - "GET /api/companies/ HTTP/1.1" 200 OK
INFO:     127.0.0.1:52546 - "GET /api/health HTTP/1.1" 200 OK
INFO:     127.0.0.1:52547 - "GET /api/companies HTTP/1.1" 307 Temporary Redirect
INFO:     127.0.0.1:52548 - "GET /api/companies HTTP/1.1" 307 Temporary Redirect
2026-01-27 22:35:24,629 INFO sqlalchemy.engine.Engine BEGIN (implicit)
2026-01-27 22:35:24,629 INFO sqlalchemy.engine.Engine SELECT users.id, users.email, users.name, users.password_hash, users.auth_provider, users.auth_provider_id, users.avatar_url, users.is_active, users.last_login_at, users.created_at, users.updated_at, users.deleted_at 
FROM users 
WHERE users.email = $1::VARCHAR
2026-01-27 22:35:24,629 INFO sqlalchemy.engine.Engine [cached since 2150s ago] ('admin@internal.local',)
2026-01-27 22:35:24,776 INFO sqlalchemy.engine.Engine SELECT user_companies.id, user_companies.user_id, user_companies.company_id, user_companies.role, user_companies.is_default, user_companies.created_at, user_companies.updated_at 
FROM user_companies 
WHERE user_companies.user_id = $1::UUID AND user_companies.company_id = $2::UUID
2026-01-27 22:35:24,776 INFO sqlalchemy.engine.Engine [cached since 2150s ago] (UUID('64f538a2-4cfd-47a3-be23-9b9062a3565f'), UUID('21f0fa34-3c64-4a26-882e-103139d50093'))
2026-01-27 22:35:24,826 INFO sqlalchemy.engine.Engine SELECT documents.id, documents.company_id, documents.document_type, documents.filename, documents.file_path, documents.file_size_bytes, documents.mime_type, documents.contract_number, documents.contract_title, documents.customer_agency, documents.customer_command, documents.customer_office, documents.contract_value, documents.contract_type, documents.period_of_performance_start, documents.period_of_performance_end, documents.naics_code, documents.psc_code, documents.clearance_level, documents.fte_count, documents.geographic_scope, documents.locations, documents.cpars_quality_rating, documents.cpars_schedule_rating, documents.cpars_cost_rating, documents.cpars_management_rating, documents.cpars_overall_rating, documents.raw_text, documents.parsed_content, documents.embedding, documents.processing_status, documents.processing_error, documents.processed_at, documents.tags, documents.notes, documents.created_by, documents.created_at, documents.updated_at, documents.deleted_at 
FROM documents 
WHERE documents.deleted_at IS NULL AND documents.company_id = $1::UUID ORDER BY documents.created_at DESC
2026-01-27 22:35:24,826 INFO sqlalchemy.engine.Engine [generated in 0.00015s] (UUID('21f0fa34-3c64-4a26-882e-103139d50093'),)
2026-01-27 22:35:26,186 INFO sqlalchemy.engine.Engine ROLLBACK
INFO:     127.0.0.1:52549 - "GET /api/documents/?org_id=21f0fa34-3c64-4a26-882e-103139d50093 HTTP/1.1" 200 OK
INFO:     127.0.0.1:53055 - "GET /api/companies HTTP/1.1" 307 Temporary Redirect
INFO:     127.0.0.1:53055 - "GET /api/companies HTTP/1.1" 307 Temporary Redirect
INFO:     127.0.0.1:53061 - "GET /health HTTP/1.1" 200 OK
INFO:     127.0.0.1:53057 - "GET /api/companies HTTP/1.1" 307 Temporary Redirect
INFO:     127.0.0.1:53069 - "GET /api/companies HTTP/1.1" 307 Temporary Redirect
INFO:     127.0.0.1:53069 - "GET /api/companies HTTP/1.1" 307 Temporary Redirect
INFO:     127.0.0.1:53057 - "GET /api/companies HTTP/1.1" 307 Temporary Redirect
INFO:     127.0.0.1:54364 - "GET /api/companies HTTP/1.1" 307 Temporary Redirect
INFO:     127.0.0.1:54364 - "GET /api/companies HTTP/1.1" 307 Temporary Redirect
2026-01-27 22:46:19,763 INFO sqlalchemy.engine.Engine BEGIN (implicit)
2026-01-27 22:46:19,764 INFO sqlalchemy.engine.Engine SELECT users.id, users.email, users.name, users.password_hash, users.auth_provider, users.auth_provider_id, users.avatar_url, users.is_active, users.last_login_at, users.created_at, users.updated_at, users.deleted_at 
FROM users 
WHERE users.email = $1::VARCHAR
2026-01-27 22:46:19,764 INFO sqlalchemy.engine.Engine [cached since 2805s ago] ('admin@internal.local',)
2026-01-27 22:46:19,910 INFO sqlalchemy.engine.Engine SELECT companies.id, companies.name, companies.cage_code, companies.uei, companies.duns, companies.primary_naics, companies.size_standard, companies.address_line1, companies.address_line2, companies.city, companies.state, companies.zip_code, companies.country, companies.website, companies.linkedin_url, companies.employee_count, companies.founded_year, companies.description, companies.business_size, companies.certifications, companies.certification_details, companies.gsa_schedules, companies.contract_vehicles, companies.primary_naic_code, companies.service_areas, companies.facility_clearance, companies.geographic_coverage, companies.annual_revenue, companies.bonding_capacity, companies.teaming_partners, companies.typical_role, companies.settings, companies.created_at, companies.updated_at, companies.deleted_at 
FROM companies JOIN user_companies ON user_companies.company_id = companies.id 
WHERE user_companies.user_id = $1::UUID
2026-01-27 22:46:19,910 INFO sqlalchemy.engine.Engine [cached since 1745s ago] (UUID('64f538a2-4cfd-47a3-be23-9b9062a3565f'),)
2026-01-27 22:46:19,976 INFO sqlalchemy.engine.Engine ROLLBACK
INFO:     127.0.0.1:54364 - "GET /api/companies/ HTTP/1.1" 200 OK
2026-01-27 22:46:20,049 INFO sqlalchemy.engine.Engine BEGIN (implicit)
2026-01-27 22:46:20,049 INFO sqlalchemy.engine.Engine SELECT users.id, users.email, users.name, users.password_hash, users.auth_provider, users.auth_provider_id, users.avatar_url, users.is_active, users.last_login_at, users.created_at, users.updated_at, users.deleted_at 
FROM users 
WHERE users.email = $1::VARCHAR
2026-01-27 22:46:20,049 INFO sqlalchemy.engine.Engine [cached since 2806s ago] ('admin@internal.local',)
2026-01-27 22:46:20,053 INFO sqlalchemy.engine.Engine BEGIN (implicit)
2026-01-27 22:46:20,054 INFO sqlalchemy.engine.Engine SELECT users.id, users.email, users.name, users.password_hash, users.auth_provider, users.auth_provider_id, users.avatar_url, users.is_active, users.last_login_at, users.created_at, users.updated_at, users.deleted_at 
FROM users 
WHERE users.email = $1::VARCHAR
2026-01-27 22:46:20,054 INFO sqlalchemy.engine.Engine [cached since 2806s ago] ('admin@internal.local',)
2026-01-27 22:46:20,181 INFO sqlalchemy.engine.Engine SELECT companies.id, companies.name, companies.cage_code, companies.uei, companies.duns, companies.primary_naics, companies.size_standard, companies.address_line1, companies.address_line2, companies.city, companies.state, companies.zip_code, companies.country, companies.website, companies.linkedin_url, companies.employee_count, companies.founded_year, companies.description, companies.business_size, companies.certifications, companies.certification_details, companies.gsa_schedules, companies.contract_vehicles, companies.primary_naic_code, companies.service_areas, companies.facility_clearance, companies.geographic_coverage, companies.annual_revenue, companies.bonding_capacity, companies.teaming_partners, companies.typical_role, companies.settings, companies.created_at, companies.updated_at, companies.deleted_at 
FROM companies JOIN user_companies ON user_companies.company_id = companies.id 
WHERE user_companies.user_id = $1::UUID
2026-01-27 22:46:20,181 INFO sqlalchemy.engine.Engine [cached since 1745s ago] (UUID('64f538a2-4cfd-47a3-be23-9b9062a3565f'),)
2026-01-27 22:46:20,201 INFO sqlalchemy.engine.Engine SELECT user_companies.id, user_companies.user_id, user_companies.company_id, user_companies.role, user_companies.is_default, user_companies.created_at, user_companies.updated_at 
FROM user_companies 
WHERE user_companies.user_id = $1::UUID AND user_companies.company_id = $2::UUID
2026-01-27 22:46:20,201 INFO sqlalchemy.engine.Engine [cached since 2806s ago] (UUID('64f538a2-4cfd-47a3-be23-9b9062a3565f'), UUID('96f87f05-c153-42d5-ad39-547cada8fa4b'))
2026-01-27 22:46:20,243 INFO sqlalchemy.engine.Engine ROLLBACK
2026-01-27 22:46:20,250 INFO sqlalchemy.engine.Engine SELECT count(*) AS count_1 
FROM opportunities 
WHERE opportunities.company_id = $1::UUID AND opportunities.is_hidden = false
2026-01-27 22:46:20,250 INFO sqlalchemy.engine.Engine [cached since 2475s ago] (UUID('96f87f05-c153-42d5-ad39-547cada8fa4b'),)
INFO:     127.0.0.1:54364 - "GET /api/companies/ HTTP/1.1" 200 OK
2026-01-27 22:46:20,535 INFO sqlalchemy.engine.Engine SELECT count(*) AS count_1 
FROM analyses 
WHERE analyses.company_id = $1::UUID AND analyses.created_at >= $2::TIMESTAMP WITHOUT TIME ZONE
2026-01-27 22:46:20,535 INFO sqlalchemy.engine.Engine [cached since 2475s ago] (UUID('96f87f05-c153-42d5-ad39-547cada8fa4b'), datetime.datetime(2026, 1, 1, 0, 0))
2026-01-27 22:46:20,709 INFO sqlalchemy.engine.Engine SELECT avg(CAST(analyses.overall_relevance_score AS FLOAT)) AS avg_1 
FROM analyses 
WHERE analyses.company_id = $1::UUID AND (analyses.overall_relevance_score ~ $2::VARCHAR)
2026-01-27 22:46:20,710 INFO sqlalchemy.engine.Engine [cached since 2475s ago] (UUID('96f87f05-c153-42d5-ad39-547cada8fa4b'), '^[0-9]+(\\.[0-9]+)?$')
2026-01-27 22:46:20,847 INFO sqlalchemy.engine.Engine SELECT count(*) AS count_1 
FROM analyses 
WHERE analyses.company_id = $1::UUID AND analyses.go_no_go_recommendation = $2::VARCHAR
2026-01-27 22:46:20,847 INFO sqlalchemy.engine.Engine [cached since 2475s ago] (UUID('96f87f05-c153-42d5-ad39-547cada8fa4b'), 'GO')
2026-01-27 22:46:20,935 INFO sqlalchemy.engine.Engine SELECT count(*) AS count_1 
FROM analyses 
WHERE analyses.company_id = $1::UUID AND analyses.go_no_go_recommendation = $2::VARCHAR
2026-01-27 22:46:20,935 INFO sqlalchemy.engine.Engine [cached since 2475s ago] (UUID('96f87f05-c153-42d5-ad39-547cada8fa4b'), 'NO-GO')
2026-01-27 22:46:20,980 INFO sqlalchemy.engine.Engine SELECT count(*) AS count_1 
FROM analyses 
WHERE analyses.company_id = $1::UUID AND analyses.go_no_go_recommendation = $2::VARCHAR
2026-01-27 22:46:20,980 INFO sqlalchemy.engine.Engine [cached since 2475s ago] (UUID('96f87f05-c153-42d5-ad39-547cada8fa4b'), 'CONDITIONAL')
2026-01-27 22:46:21,054 INFO sqlalchemy.engine.Engine SELECT opportunities.id, opportunities.title, opportunities.agency, opportunities.solicitation_number, opportunities.updated_at 
FROM opportunities 
WHERE opportunities.company_id = $1::UUID AND opportunities.deleted_at IS NULL ORDER BY opportunities.updated_at DESC 
 LIMIT $2::INTEGER
2026-01-27 22:46:21,054 INFO sqlalchemy.engine.Engine [cached since 2475s ago] (UUID('96f87f05-c153-42d5-ad39-547cada8fa4b'), 5)
2026-01-27 22:46:21,147 INFO sqlalchemy.engine.Engine ROLLBACK
INFO:     127.0.0.1:54367 - "GET /api/dashboard/summary?org_id=96f87f05-c153-42d5-ad39-547cada8fa4b HTTP/1.1" 200 OK
2026-01-27 22:46:22,063 INFO sqlalchemy.engine.Engine BEGIN (implicit)
2026-01-27 22:46:22,064 INFO sqlalchemy.engine.Engine SELECT users.id, users.email, users.name, users.password_hash, users.auth_provider, users.auth_provider_id, users.avatar_url, users.is_active, users.last_login_at, users.created_at, users.updated_at, users.deleted_at 
FROM users 
WHERE users.email = $1::VARCHAR
2026-01-27 22:46:22,064 INFO sqlalchemy.engine.Engine [cached since 2808s ago] ('admin@internal.local',)
2026-01-27 22:46:22,167 INFO sqlalchemy.engine.Engine SELECT user_companies.id, user_companies.user_id, user_companies.company_id, user_companies.role, user_companies.is_default, user_companies.created_at, user_companies.updated_at 
FROM user_companies 
WHERE user_companies.user_id = $1::UUID AND user_companies.company_id = $2::UUID
2026-01-27 22:46:22,167 INFO sqlalchemy.engine.Engine [cached since 2808s ago] (UUID('64f538a2-4cfd-47a3-be23-9b9062a3565f'), UUID('1dd65b3e-45b0-4750-a89b-ed96548a52e3'))
2026-01-27 22:46:22,212 INFO sqlalchemy.engine.Engine SELECT count(*) AS count_1 
FROM opportunities 
WHERE opportunities.company_id = $1::UUID AND opportunities.is_hidden = false
2026-01-27 22:46:22,212 INFO sqlalchemy.engine.Engine [cached since 2477s ago] (UUID('1dd65b3e-45b0-4750-a89b-ed96548a52e3'),)
2026-01-27 22:46:22,315 INFO sqlalchemy.engine.Engine SELECT count(*) AS count_1 
FROM analyses 
WHERE analyses.company_id = $1::UUID AND analyses.created_at >= $2::TIMESTAMP WITHOUT TIME ZONE
2026-01-27 22:46:22,315 INFO sqlalchemy.engine.Engine [cached since 2477s ago] (UUID('1dd65b3e-45b0-4750-a89b-ed96548a52e3'), datetime.datetime(2026, 1, 1, 0, 0))
2026-01-27 22:46:22,430 INFO sqlalchemy.engine.Engine SELECT avg(CAST(analyses.overall_relevance_score AS FLOAT)) AS avg_1 
FROM analyses 
WHERE analyses.company_id = $1::UUID AND (analyses.overall_relevance_score ~ $2::VARCHAR)
2026-01-27 22:46:22,430 INFO sqlalchemy.engine.Engine [cached since 2477s ago] (UUID('1dd65b3e-45b0-4750-a89b-ed96548a52e3'), '^[0-9]+(\\.[0-9]+)?$')
2026-01-27 22:46:22,564 INFO sqlalchemy.engine.Engine SELECT count(*) AS count_1 
FROM analyses 
WHERE analyses.company_id = $1::UUID AND analyses.go_no_go_recommendation = $2::VARCHAR
2026-01-27 22:46:22,564 INFO sqlalchemy.engine.Engine [cached since 2477s ago] (UUID('1dd65b3e-45b0-4750-a89b-ed96548a52e3'), 'GO')
2026-01-27 22:46:22,639 INFO sqlalchemy.engine.Engine SELECT count(*) AS count_1 
FROM analyses 
WHERE analyses.company_id = $1::UUID AND analyses.go_no_go_recommendation = $2::VARCHAR
2026-01-27 22:46:22,639 INFO sqlalchemy.engine.Engine [cached since 2477s ago] (UUID('1dd65b3e-45b0-4750-a89b-ed96548a52e3'), 'NO-GO')
2026-01-27 22:46:22,679 INFO sqlalchemy.engine.Engine SELECT count(*) AS count_1 
FROM analyses 
WHERE analyses.company_id = $1::UUID AND analyses.go_no_go_recommendation = $2::VARCHAR
2026-01-27 22:46:22,679 INFO sqlalchemy.engine.Engine [cached since 2477s ago] (UUID('1dd65b3e-45b0-4750-a89b-ed96548a52e3'), 'CONDITIONAL')
2026-01-27 22:46:22,728 INFO sqlalchemy.engine.Engine SELECT opportunities.id, opportunities.title, opportunities.agency, opportunities.solicitation_number, opportunities.updated_at 
FROM opportunities 
WHERE opportunities.company_id = $1::UUID AND opportunities.deleted_at IS NULL ORDER BY opportunities.updated_at DESC 
 LIMIT $2::INTEGER
2026-01-27 22:46:22,728 INFO sqlalchemy.engine.Engine [cached since 2477s ago] (UUID('1dd65b3e-45b0-4750-a89b-ed96548a52e3'), 5)
2026-01-27 22:46:22,811 INFO sqlalchemy.engine.Engine ROLLBACK
INFO:     127.0.0.1:54367 - "GET /api/dashboard/summary?org_id=1dd65b3e-45b0-4750-a89b-ed96548a52e3 HTTP/1.1" 200 OK
INFO:     127.0.0.1:54754 - "GET /api/past-performance?org_id=1dd65b3e-45b0-4750-a89b-ed96548a52e3 HTTP/1.1" 404 Not Found
INFO:     127.0.0.1:54754 - "GET /api/past-performance?org_id=1dd65b3e-45b0-4750-a89b-ed96548a52e3 HTTP/1.1" 404 Not Found
2026-01-27 22:47:54,390 INFO sqlalchemy.engine.Engine BEGIN (implicit)
2026-01-27 22:47:54,390 INFO sqlalchemy.engine.Engine SELECT users.id, users.email, users.name, users.password_hash, users.auth_provider, users.auth_provider_id, users.avatar_url, users.is_active, users.last_login_at, users.created_at, users.updated_at, users.deleted_at 
FROM users 
WHERE users.email = $1::VARCHAR
2026-01-27 22:47:54,390 INFO sqlalchemy.engine.Engine [cached since 2900s ago] ('admin@internal.local',)
INFO:     127.0.0.1:54756 - "GET /api/documents?org_id=1dd65b3e-45b0-4750-a89b-ed96548a52e3 HTTP/1.1" 307 Temporary Redirect
INFO:     127.0.0.1:54756 - "GET /api/documents?org_id=1dd65b3e-45b0-4750-a89b-ed96548a52e3 HTTP/1.1" 307 Temporary Redirect
2026-01-27 22:47:54,392 INFO sqlalchemy.engine.Engine BEGIN (implicit)
2026-01-27 22:47:54,392 INFO sqlalchemy.engine.Engine SELECT users.id, users.email, users.name, users.password_hash, users.auth_provider, users.auth_provider_id, users.avatar_url, users.is_active, users.last_login_at, users.created_at, users.updated_at, users.deleted_at 
FROM users 
WHERE users.email = $1::VARCHAR
2026-01-27 22:47:54,392 INFO sqlalchemy.engine.Engine [cached since 2900s ago] ('admin@internal.local',)
2026-01-27 22:47:54,482 INFO sqlalchemy.engine.Engine SELECT companies.id, companies.name, companies.cage_code, companies.uei, companies.duns, companies.primary_naics, companies.size_standard, companies.address_line1, companies.address_line2, companies.city, companies.state, companies.zip_code, companies.country, companies.website, companies.linkedin_url, companies.employee_count, companies.founded_year, companies.description, companies.business_size, companies.certifications, companies.certification_details, companies.gsa_schedules, companies.contract_vehicles, companies.primary_naic_code, companies.service_areas, companies.facility_clearance, companies.geographic_coverage, companies.annual_revenue, companies.bonding_capacity, companies.teaming_partners, companies.typical_role, companies.settings, companies.created_at, companies.updated_at, companies.deleted_at 
FROM companies JOIN user_companies ON user_companies.company_id = companies.id 
WHERE companies.id = $1::UUID AND user_companies.user_id = $2::UUID
2026-01-27 22:47:54,482 INFO sqlalchemy.engine.Engine [generated in 0.00019s] (UUID('1dd65b3e-45b0-4750-a89b-ed96548a52e3'), UUID('64f538a2-4cfd-47a3-be23-9b9062a3565f'))
2026-01-27 22:47:54,483 INFO sqlalchemy.engine.Engine SELECT user_companies.id, user_companies.user_id, user_companies.company_id, user_companies.role, user_companies.is_default, user_companies.created_at, user_companies.updated_at 
FROM user_companies 
WHERE user_companies.user_id = $1::UUID AND user_companies.company_id = $2::UUID
2026-01-27 22:47:54,483 INFO sqlalchemy.engine.Engine [cached since 2900s ago] (UUID('64f538a2-4cfd-47a3-be23-9b9062a3565f'), UUID('1dd65b3e-45b0-4750-a89b-ed96548a52e3'))
2026-01-27 22:47:54,528 INFO sqlalchemy.engine.Engine SELECT documents.id, documents.company_id, documents.document_type, documents.filename, documents.file_path, documents.file_size_bytes, documents.mime_type, documents.contract_number, documents.contract_title, documents.customer_agency, documents.customer_command, documents.customer_office, documents.contract_value, documents.contract_type, documents.period_of_performance_start, documents.period_of_performance_end, documents.naics_code, documents.psc_code, documents.clearance_level, documents.fte_count, documents.geographic_scope, documents.locations, documents.cpars_quality_rating, documents.cpars_schedule_rating, documents.cpars_cost_rating, documents.cpars_management_rating, documents.cpars_overall_rating, documents.raw_text, documents.parsed_content, documents.embedding, documents.processing_status, documents.processing_error, documents.processed_at, documents.tags, documents.notes, documents.created_by, documents.created_at, documents.updated_at, documents.deleted_at 
FROM documents 
WHERE documents.deleted_at IS NULL AND documents.company_id = $1::UUID ORDER BY documents.created_at DESC
2026-01-27 22:47:54,529 INFO sqlalchemy.engine.Engine [cached since 749.7s ago] (UUID('1dd65b3e-45b0-4750-a89b-ed96548a52e3'),)
2026-01-27 22:47:54,573 INFO sqlalchemy.engine.Engine ROLLBACK
INFO:     127.0.0.1:54754 - "GET /api/companies/1dd65b3e-45b0-4750-a89b-ed96548a52e3?org_id=1dd65b3e-45b0-4750-a89b-ed96548a52e3 HTTP/1.1" 200 OK
2026-01-27 22:47:54,617 INFO sqlalchemy.engine.Engine BEGIN (implicit)
2026-01-27 22:47:54,617 INFO sqlalchemy.engine.Engine SELECT users.id, users.email, users.name, users.password_hash, users.auth_provider, users.auth_provider_id, users.avatar_url, users.is_active, users.last_login_at, users.created_at, users.updated_at, users.deleted_at 
FROM users 
WHERE users.email = $1::VARCHAR
2026-01-27 22:47:54,617 INFO sqlalchemy.engine.Engine [cached since 2900s ago] ('admin@internal.local',)
2026-01-27 22:47:54,636 INFO sqlalchemy.engine.Engine ROLLBACK
INFO:     127.0.0.1:54758 - "GET /api/documents/?org_id=1dd65b3e-45b0-4750-a89b-ed96548a52e3 HTTP/1.1" 200 OK
2026-01-27 22:47:54,682 INFO sqlalchemy.engine.Engine BEGIN (implicit)
2026-01-27 22:47:54,682 INFO sqlalchemy.engine.Engine SELECT users.id, users.email, users.name, users.password_hash, users.auth_provider, users.auth_provider_id, users.avatar_url, users.is_active, users.last_login_at, users.created_at, users.updated_at, users.deleted_at 
FROM users 
WHERE users.email = $1::VARCHAR
2026-01-27 22:47:54,682 INFO sqlalchemy.engine.Engine [cached since 2900s ago] ('admin@internal.local',)
2026-01-27 22:47:54,683 INFO sqlalchemy.engine.Engine BEGIN (implicit)
2026-01-27 22:47:54,683 INFO sqlalchemy.engine.Engine SELECT users.id, users.email, users.name, users.password_hash, users.auth_provider, users.auth_provider_id, users.avatar_url, users.is_active, users.last_login_at, users.created_at, users.updated_at, users.deleted_at 
FROM users 
WHERE users.email = $1::VARCHAR
2026-01-27 22:47:54,683 INFO sqlalchemy.engine.Engine [cached since 2900s ago] ('admin@internal.local',)
2026-01-27 22:47:54,693 INFO sqlalchemy.engine.Engine SELECT companies.id, companies.name, companies.cage_code, companies.uei, companies.duns, companies.primary_naics, companies.size_standard, companies.address_line1, companies.address_line2, companies.city, companies.state, companies.zip_code, companies.country, companies.website, companies.linkedin_url, companies.employee_count, companies.founded_year, companies.description, companies.business_size, companies.certifications, companies.certification_details, companies.gsa_schedules, companies.contract_vehicles, companies.primary_naic_code, companies.service_areas, companies.facility_clearance, companies.geographic_coverage, companies.annual_revenue, companies.bonding_capacity, companies.teaming_partners, companies.typical_role, companies.settings, companies.created_at, companies.updated_at, companies.deleted_at 
FROM companies JOIN user_companies ON user_companies.company_id = companies.id 
WHERE companies.id = $1::UUID AND user_companies.user_id = $2::UUID
2026-01-27 22:47:54,693 INFO sqlalchemy.engine.Engine [cached since 0.2104s ago] (UUID('1dd65b3e-45b0-4750-a89b-ed96548a52e3'), UUID('64f538a2-4cfd-47a3-be23-9b9062a3565f'))
2026-01-27 22:47:54,764 INFO sqlalchemy.engine.Engine SELECT user_companies.id, user_companies.user_id, user_companies.company_id, user_companies.role, user_companies.is_default, user_companies.created_at, user_companies.updated_at 
FROM user_companies 
WHERE user_companies.user_id = $1::UUID AND user_companies.company_id = $2::UUID
2026-01-27 22:47:54,764 INFO sqlalchemy.engine.Engine [cached since 2900s ago] (UUID('64f538a2-4cfd-47a3-be23-9b9062a3565f'), UUID('1dd65b3e-45b0-4750-a89b-ed96548a52e3'))
2026-01-27 22:47:54,765 INFO sqlalchemy.engine.Engine SELECT user_companies.id, user_companies.user_id, user_companies.company_id, user_companies.role, user_companies.is_default, user_companies.created_at, user_companies.updated_at 
FROM user_companies 
WHERE user_companies.user_id = $1::UUID AND user_companies.company_id = $2::UUID
2026-01-27 22:47:54,765 INFO sqlalchemy.engine.Engine [cached since 2900s ago] (UUID('64f538a2-4cfd-47a3-be23-9b9062a3565f'), UUID('1dd65b3e-45b0-4750-a89b-ed96548a52e3'))
2026-01-27 22:47:54,772 INFO sqlalchemy.engine.Engine ROLLBACK
2026-01-27 22:47:54,806 INFO sqlalchemy.engine.Engine SELECT companies.id, companies.name, companies.cage_code, companies.uei, companies.duns, companies.primary_naics, companies.size_standard, companies.address_line1, companies.address_line2, companies.city, companies.state, companies.zip_code, companies.country, companies.website, companies.linkedin_url, companies.employee_count, companies.founded_year, companies.description, companies.business_size, companies.certifications, companies.certification_details, companies.gsa_schedules, companies.contract_vehicles, companies.primary_naic_code, companies.service_areas, companies.facility_clearance, companies.geographic_coverage, companies.annual_revenue, companies.bonding_capacity, companies.teaming_partners, companies.typical_role, companies.settings, companies.created_at, companies.updated_at, companies.deleted_at 
FROM companies 
WHERE companies.id = $1::UUID
2026-01-27 22:47:54,807 INFO sqlalchemy.engine.Engine [cached since 2900s ago] (UUID('1dd65b3e-45b0-4750-a89b-ed96548a52e3'),)
2026-01-27 22:47:54,810 INFO sqlalchemy.engine.Engine SELECT documents.id, documents.company_id, documents.document_type, documents.filename, documents.file_path, documents.file_size_bytes, documents.mime_type, documents.contract_number, documents.contract_title, documents.customer_agency, documents.customer_command, documents.customer_office, documents.contract_value, documents.contract_type, documents.period_of_performance_start, documents.period_of_performance_end, documents.naics_code, documents.psc_code, documents.clearance_level, documents.fte_count, documents.geographic_scope, documents.locations, documents.cpars_quality_rating, documents.cpars_schedule_rating, documents.cpars_cost_rating, documents.cpars_management_rating, documents.cpars_overall_rating, documents.raw_text, documents.parsed_content, documents.embedding, documents.processing_status, documents.processing_error, documents.processed_at, documents.tags, documents.notes, documents.created_by, documents.created_at, documents.updated_at, documents.deleted_at 
FROM documents 
WHERE documents.deleted_at IS NULL AND documents.company_id = $1::UUID ORDER BY documents.created_at DESC
2026-01-27 22:47:54,810 INFO sqlalchemy.engine.Engine [cached since 750s ago] (UUID('1dd65b3e-45b0-4750-a89b-ed96548a52e3'),)
INFO:     127.0.0.1:54756 - "GET /api/companies/1dd65b3e-45b0-4750-a89b-ed96548a52e3?org_id=1dd65b3e-45b0-4750-a89b-ed96548a52e3 HTTP/1.1" 200 OK
2026-01-27 22:47:54,894 INFO sqlalchemy.engine.Engine SELECT company_profiles.id, company_profiles.name, company_profiles.naics_codes, company_profiles.certifications, company_profiles.clearances, company_profiles.set_asides, company_profiles.employee_count, company_profiles.annual_revenue, company_profiles.bonding_capacity, company_profiles.cage_code, company_profiles.duns_number, company_profiles.created_at, company_profiles.updated_at 
FROM company_profiles 
WHERE company_profiles.id = $1::UUID
2026-01-27 22:47:54,894 INFO sqlalchemy.engine.Engine [cached since 2900s ago] (UUID('1dd65b3e-45b0-4750-a89b-ed96548a52e3'),)
2026-01-27 22:47:54,953 INFO sqlalchemy.engine.Engine ROLLBACK
INFO:     127.0.0.1:54754 - "GET /api/documents/?org_id=1dd65b3e-45b0-4750-a89b-ed96548a52e3 HTTP/1.1" 200 OK
2026-01-27 22:47:54,998 INFO sqlalchemy.engine.Engine SELECT documents.id, documents.company_id, documents.document_type, documents.filename, documents.file_path, documents.file_size_bytes, documents.mime_type, documents.contract_number, documents.contract_title, documents.customer_agency, documents.customer_command, documents.customer_office, documents.contract_value, documents.contract_type, documents.period_of_performance_start, documents.period_of_performance_end, documents.naics_code, documents.psc_code, documents.clearance_level, documents.fte_count, documents.geographic_scope, documents.locations, documents.cpars_quality_rating, documents.cpars_schedule_rating, documents.cpars_cost_rating, documents.cpars_management_rating, documents.cpars_overall_rating, documents.raw_text, documents.parsed_content, documents.embedding, documents.processing_status, documents.processing_error, documents.processed_at, documents.tags, documents.notes, documents.created_by, documents.created_at, documents.updated_at, documents.deleted_at 
FROM documents 
WHERE documents.company_id = $1::UUID AND documents.deleted_at IS NULL
2026-01-27 22:47:54,998 INFO sqlalchemy.engine.Engine [cached since 2830s ago] (UUID('1dd65b3e-45b0-4750-a89b-ed96548a52e3'),)
2026-01-27 22:47:55,139 INFO sqlalchemy.engine.Engine ROLLBACK
INFO:     127.0.0.1:54758 - "GET /api/company-profile?org_id=1dd65b3e-45b0-4750-a89b-ed96548a52e3 HTTP/1.1" 200 OK
2026-01-27 22:47:55,181 INFO sqlalchemy.engine.Engine BEGIN (implicit)
2026-01-27 22:47:55,181 INFO sqlalchemy.engine.Engine SELECT users.id, users.email, users.name, users.password_hash, users.auth_provider, users.auth_provider_id, users.avatar_url, users.is_active, users.last_login_at, users.created_at, users.updated_at, users.deleted_at 
FROM users 
WHERE users.email = $1::VARCHAR
2026-01-27 22:47:55,181 INFO sqlalchemy.engine.Engine [cached since 2901s ago] ('admin@internal.local',)
2026-01-27 22:47:55,258 INFO sqlalchemy.engine.Engine SELECT user_companies.id, user_companies.user_id, user_companies.company_id, user_companies.role, user_companies.is_default, user_companies.created_at, user_companies.updated_at 
FROM user_companies 
WHERE user_companies.user_id = $1::UUID AND user_companies.company_id = $2::UUID
2026-01-27 22:47:55,258 INFO sqlalchemy.engine.Engine [cached since 2901s ago] (UUID('64f538a2-4cfd-47a3-be23-9b9062a3565f'), UUID('1dd65b3e-45b0-4750-a89b-ed96548a52e3'))
2026-01-27 22:47:55,297 INFO sqlalchemy.engine.Engine SELECT companies.id, companies.name, companies.cage_code, companies.uei, companies.duns, companies.primary_naics, companies.size_standard, companies.address_line1, companies.address_line2, companies.city, companies.state, companies.zip_code, companies.country, companies.website, companies.linkedin_url, companies.employee_count, companies.founded_year, companies.description, companies.business_size, companies.certifications, companies.certification_details, companies.gsa_schedules, companies.contract_vehicles, companies.primary_naic_code, companies.service_areas, companies.facility_clearance, companies.geographic_coverage, companies.annual_revenue, companies.bonding_capacity, companies.teaming_partners, companies.typical_role, companies.settings, companies.created_at, companies.updated_at, companies.deleted_at 
FROM companies 
WHERE companies.id = $1::UUID
2026-01-27 22:47:55,297 INFO sqlalchemy.engine.Engine [cached since 2901s ago] (UUID('1dd65b3e-45b0-4750-a89b-ed96548a52e3'),)
2026-01-27 22:47:55,377 INFO sqlalchemy.engine.Engine SELECT company_profiles.id, company_profiles.name, company_profiles.naics_codes, company_profiles.certifications, company_profiles.clearances, company_profiles.set_asides, company_profiles.employee_count, company_profiles.annual_revenue, company_profiles.bonding_capacity, company_profiles.cage_code, company_profiles.duns_number, company_profiles.created_at, company_profiles.updated_at 
FROM company_profiles 
WHERE company_profiles.id = $1::UUID
2026-01-27 22:47:55,377 INFO sqlalchemy.engine.Engine [cached since 2900s ago] (UUID('1dd65b3e-45b0-4750-a89b-ed96548a52e3'),)
2026-01-27 22:47:55,464 INFO sqlalchemy.engine.Engine SELECT documents.id, documents.company_id, documents.document_type, documents.filename, documents.file_path, documents.file_size_bytes, documents.mime_type, documents.contract_number, documents.contract_title, documents.customer_agency, documents.customer_command, documents.customer_office, documents.contract_value, documents.contract_type, documents.period_of_performance_start, documents.period_of_performance_end, documents.naics_code, documents.psc_code, documents.clearance_level, documents.fte_count, documents.geographic_scope, documents.locations, documents.cpars_quality_rating, documents.cpars_schedule_rating, documents.cpars_cost_rating, documents.cpars_management_rating, documents.cpars_overall_rating, documents.raw_text, documents.parsed_content, documents.embedding, documents.processing_status, documents.processing_error, documents.processed_at, documents.tags, documents.notes, documents.created_by, documents.created_at, documents.updated_at, documents.deleted_at 
FROM documents 
WHERE documents.company_id = $1::UUID AND documents.deleted_at IS NULL
2026-01-27 22:47:55,464 INFO sqlalchemy.engine.Engine [cached since 2830s ago] (UUID('1dd65b3e-45b0-4750-a89b-ed96548a52e3'),)
INFO:     127.0.0.1:54758 - "OPTIONS /api/company-profile?org_id=1dd65b3e-45b0-4750-a89b-ed96548a52e3 HTTP/1.1" 200 OK
2026-01-27 22:47:57,575 INFO sqlalchemy.engine.Engine ROLLBACK
INFO:     127.0.0.1:54754 - "GET /api/company-profile?org_id=1dd65b3e-45b0-4750-a89b-ed96548a52e3 HTTP/1.1" 200 OK
2026-01-27 22:47:57,618 INFO sqlalchemy.engine.Engine BEGIN (implicit)
2026-01-27 22:47:57,618 INFO sqlalchemy.engine.Engine SELECT users.id, users.email, users.name, users.password_hash, users.auth_provider, users.auth_provider_id, users.avatar_url, users.is_active, users.last_login_at, users.created_at, users.updated_at, users.deleted_at 
FROM users 
WHERE users.email = $1::VARCHAR
2026-01-27 22:47:57,618 INFO sqlalchemy.engine.Engine [cached since 2903s ago] ('admin@internal.local',)
2026-01-27 22:47:57,698 INFO sqlalchemy.engine.Engine SELECT user_companies.id, user_companies.user_id, user_companies.company_id, user_companies.role, user_companies.is_default, user_companies.created_at, user_companies.updated_at 
FROM user_companies 
WHERE user_companies.user_id = $1::UUID AND user_companies.company_id = $2::UUID
2026-01-27 22:47:57,698 INFO sqlalchemy.engine.Engine [cached since 2903s ago] (UUID('64f538a2-4cfd-47a3-be23-9b9062a3565f'), UUID('1dd65b3e-45b0-4750-a89b-ed96548a52e3'))
2026-01-27 22:47:57,738 INFO sqlalchemy.engine.Engine ROLLBACK
INFO:     127.0.0.1:54758 - "PUT /api/company-profile?org_id=1dd65b3e-45b0-4750-a89b-ed96548a52e3 HTTP/1.1" 422 Unprocessable Entity
INFO:     127.0.0.1:55964 - "GET /health HTTP/1.1" 200 OK
INFO:     Shutting down
INFO:     Waiting for application shutdown.
INFO:     Application shutdown complete.
INFO:     Finished server process [84462]
Fatal error on SSL protocol
protocol: <uvloop.loop.SSLProtocol object at 0x10ec9ab40>
transport: <TCPTransport closed=True reading=False 0xba523d810>
Traceback (most recent call last):
  File "uvloop/sslproto.pyx", line 669, in uvloop.loop.SSLProtocol._write_appdata
  File "uvloop/sslproto.pyx", line 699, in uvloop.loop.SSLProtocol._process_outgoing
  File "uvloop/handles/stream.pyx", line 675, in uvloop.loop.UVStream.write
  File "uvloop/handles/handle.pyx", line 159, in uvloop.loop.UVHandle._ensure_alive
RuntimeError: unable to perform operation on <TCPTransport closed=True reading=False 0xba523d810>; the handler is closed
The garbage collector is trying to clean up non-checked-in connection <AdaptedConnection <asyncpg.connection.Connection object at 0x10ee01e50>>, which will be terminated.  Please ensure that SQLAlchemy pooled connections are returned to the pool explicitly, either by calling ``close()`` or by using appropriate context managers to manage their lifecycle.
sys:1: SAWarning: The garbage collector is trying to clean up non-checked-in connection <AdaptedConnection <asyncpg.connection.Connection object at 0x10ee01e50>>, which will be terminated.  Please ensure that SQLAlchemy pooled connections are returned to the pool explicitly, either by calling ``close()`` or by using appropriate context managers to manage their lifecycle.
Fatal error on SSL protocol
protocol: <uvloop.loop.SSLProtocol object at 0x1119c6300>
transport: <TCPTransport closed=True reading=False 0xba507e410>
Traceback (most recent call last):
  File "uvloop/sslproto.pyx", line 669, in uvloop.loop.SSLProtocol._write_appdata
  File "uvloop/sslproto.pyx", line 699, in uvloop.loop.SSLProtocol._process_outgoing
  File "uvloop/handles/stream.pyx", line 675, in uvloop.loop.UVStream.write
  File "uvloop/handles/handle.pyx", line 159, in uvloop.loop.UVHandle._ensure_alive
RuntimeError: unable to perform operation on <TCPTransport closed=True reading=False 0xba507e410>; the handler is closed
The garbage collector is trying to clean up non-checked-in connection <AdaptedConnection <asyncpg.connection.Connection object at 0x10ee01d60>>, which will be terminated.  Please ensure that SQLAlchemy pooled connections are returned to the pool explicitly, either by calling ``close()`` or by using appropriate context managers to manage their lifecycle.
sys:1: SAWarning: The garbage collector is trying to clean up non-checked-in connection <AdaptedConnection <asyncpg.connection.Connection object at 0x10ee01d60>>, which will be terminated.  Please ensure that SQLAlchemy pooled connections are returned to the pool explicitly, either by calling ``close()`` or by using appropriate context managers to manage their lifecycle.
